Code;Food Category;Food Group;Major Food Code;Minor Food Code;Units;2001-02;2002-03;2003-04;2004-05;2005-06;2006;2007;2008;2009;2010;2011;2012;2013;2014;2015;201516;201617;201718;201819;RSE indicator(a);% change since 201516;sig(b);trend since 201516(c)
cat520;Milk and milk products excluding cheese;;;;ml;2053;2143;2103;1949;2117;2055;1933;2114;2006;1903;2009;1998;1912;1883;1889;1875;1777;1689;1939;üü;3;;
4006;;Liquid wholemilk, including school and welfare;;;ml;578;628;627;424;546;454;396;464;400;290;385;300;264;233;230;224;234;327;291;;30;;
4;;;Liquid wholemilk, full price;;ml;576;628;626;421;544;450;396;462;399;290;385;300;264;233;230;224;234;327;291;;30;;
402;;;;UHT milk;ml;12;4;16;22;18;2;5;9;4;2;6;3;0;8;7;5;2;9;6;û;5;;
403;;;;Sterilised;ml;28;17;1;11;8;0;5;1;0;1;0;3;1;10;1;1;0;0;0;û;-100;;
404;;;;Pasteurised/ homogenised;ml;536;607;609;388;518;447;387;452;395;286;379;295;263;214;222;218;232;319;285;;31;;
501;;;School milk(d);;ml;;;;;;;;;;;;;;;;;;;;;;;
601;;;Welfare milk(e);;ml;2;0;1;3;2;4;0;1;1;;;;;;;;;;;;;;
9017;;Other milk and cream;;;ml;1475;1515;1476;1525;1571;1601;1536;1650;1606;1613;1624;1698;1648;1650;1659;1651;1542;1361;1648;ü;0;;
15;;;Skimmed milks;;ml;1165;1170;1113;1179;1210;1216;1141;1244;1172;1204;1207;1295;1233;1240;1252;1240;1106;1018;1276;ü;3;;
1502;;;;Fully skimmed milk;ml;150;168;137;148;178;133;167;180;157;166;169;166;144;121;143;150;131;161;198;;33;;
1503;;;;Semi-skimmed milk;ml;1016;1002;976;1031;1032;1083;974;1064;1014;1039;1038;1129;1089;1119;1108;1091;975;858;1078;ü;-1;;
901;;;Condensed or evaporated milk;;eq ml;16;20;25;17;23;21;18;21;15;27;22;18;21;23;14;16;15;21;13;û;-14;;
11;;;Infant milks;;eq ml;45;50;28;37;25;39;52;65;85;74;64;50;63;65;57;51;20;38;50;û;-3;;
1102;;;;Infant or baby milks - ready to drink;eq ml;0;1;1;1;3;0;2;2;3;4;2;4;4;1;0;0;3;2;2;û; ;;
1103;;;;Infant or baby milks - dried;eq ml;45;49;27;36;23;38;50;63;83;70;63;46;58;63;56;51;16;36;48;û;-7;;
1201;;;Instant dried milk;;eq ml;4;10;5;8;10;3;9;21;19;3;6;5;7;3;0;1;21;0;2;û;269;;
13;;;Yoghurt and fromage frais;;ml;152;163;179;182;196;201;186;185;194;195;203;195;197;187;188;186;242;163;178;ü;-4;;
1301;;;;Yoghurt;ml;134;141;160;161;173;170;165;162;168;175;180;168;178;168;172;170;225;151;169;ü;-1;;
1302;;;;Fromage frais;ml;19;22;20;21;23;31;21;24;26;20;22;27;19;19;16;16;17;13;10;û;-41;;m
16;;;Other milks and dairy desserts;;ml;78;85;105;86;90;106;111;93;100;90;98;115;103;112;121;129;112;98;104;;-19;;
1603;;;;Dairy desserts - not frozen;ml;45;44;44;45;43;45;38;34;47;45;47;47;35;43;41;42;43;44;34;;-19;;
1605;;;;Dried milk products;ml;8;7;19;3;3;2;18;2;1;1;8;7;5;4;0;0;2;0;6;û; ;;
1607;;;;Milk drinks and other milks;ml;26;34;42;20;23;29;23;32;26;31;27;31;31;34;31;36;26;16;28;û;-22;;
1608;;;;Non-dairy milk substitutes;ml;;;;18;20;30;33;25;24;13;16;30;32;31;48;51;41;38;37;û;-29;;
17;;;Cream;;ml;14;16;21;17;16;16;18;20;21;21;23;20;23;21;28;29;26;22;24;;-16;;
22023;;Cheese;;;g;105;110;106;106;110;108;114;112;118;113;124;105;115;106;114;112;141;126;140;ü;26;yes;
22;;;Natural cheese;;g;91;94;92;93;97;93;101;99;107;103;113;94;105;96;101;97;130;115;125;ü;29;yes;k
2201;;;;Hard cheese - cheddar type;g;62;65;59;58;67;63;69;69;72;72;69;64;72;58;65;63;71;69;77;ü;22;;
2202;;;;Hard cheese - other uk or foreign equivalent;g;11;13;11;13;10;10;10;10;9;8;8;7;7;9;7;6;9;10;6;û;-7;;
2203;;;;Hard cheese - edam or other foreign;g;5;4;6;8;5;5;5;6;7;7;7;6;6;6;7;6;11;12;10;;66;yes;
2205;;;;Cottage cheese;g;6;5;6;5;5;5;4;3;4;4;5;4;5;5;5;5;8;2;13;û;150;;
2206;;;;Soft natural cheese;g;7;7;10;9;11;11;13;11;14;12;25;14;15;18;17;17;30;21;20;;16;;
2301;;;Processed cheese;;g;15;16;14;13;13;14;12;13;12;11;11;11;11;10;13;14;11;11;15;;5;;
31041;;Carcase meat;;;g;238;249;230;227;205;217;228;197;202;220;207;206;164;161;178;166;163;186;192;ü;15;;
31;;;Beef and veal;;g;132;133;121;131;111;117;118;107;109;108;102;114;85;90;103;98;94;109;107;ü;10;;
3102;;;;Beef joints - on the bone;g;2;4;2;2;3;1;0;0;0;0;2;1;2;2;1;1;0;3;4;û;307;;
3103;;;;Beef joints - boned;g;37;31;33;34;27;26;27;28;21;18;19;24;15;15;21;18;22;22;21;û;14;;
3104;;;;Beef steak - less expensive;g;18;17;18;18;19;21;15;15;16;19;18;19;12;18;14;13;12;26;23;û;82;;k
3105;;;;Beef steak - more expensive;g;27;25;22;27;17;19;22;21;21;17;14;15;14;14;14;14;14;14;10;û;-30;;
3106;;;;Minced beef;g;46;56;45;49;45;50;53;44;51;54;49;52;42;41;52;51;46;45;50;;-3;;
3107;;;;All other beef and veal;g;1;1;1;1;0;0;0;0;0;0;1;3;0;0;0;0;1;0;0;û;-100;;
36;;;Mutton and lamb;;g;42;51;49;41;42;42;44;39;41;50;29;36;31;23;27;20;20;23;25;û;26;;
3601;;;;Mutton;g;0;1;0;0;0;0;0;1;0;1;0;0;0;0;0;0;0;1;0;û; ; ;
3602;;;;Lamb joints;g;23;32;31;22;25;25;29;19;23;30;16;17;21;11;16;9;7;13;11;û;20;;
3603;;;;Lamb chops;g;14;13;14;14;13;12;11;13;14;14;10;11;5;9;9;8;6;6;11;û;35;;
3604;;;;All other lamb;g;6;6;4;5;5;5;5;6;4;5;3;8;5;2;2;2;7;4;3;û;19;;
41;;;Pork;;g;64;65;60;55;52;58;65;50;53;62;76;56;49;48;48;49;49;54;59;;22;;
4101;;;;Pork joints;g;22;20;22;16;16;26;26;19;17;22;29;21;17;18;19;18;12;12;26;û;41;;
4102;;;;Pork chops;g;25;24;18;15;15;15;13;9;16;11;14;9;7;7;5;6;5;9;9;û;47;;
4103;;;;Pork fillets and steaks;g;13;19;12;14;11;11;17;13;11;14;18;15;12;12;13;14;13;22;16;û;13;;
4104;;;;All other pork;g;4;2;9;10;10;7;8;9;9;14;15;11;13;10;11;10;19;10;8;û;-16;;
46095;;Non-carcase meat and meat products;;;g;823;803;818;862;798;806;770;771;788;793;809;850;775;723;811;848;756;784;811;üü;-4;;
46;;;Liver;;g;3;4;4;3;3;2;4;3;4;4;3;7;4;3;2;2;2;2;3;û;39;;
4603;;;;Ox liver;g;0;1;0;0;0;0;1;0;0;0;0;0;0;0;0;0;0;0;0;û; ;;
4604;;;;Lambs liver;g;1;1;2;2;1;1;1;2;2;2;1;1;2;1;1;1;2;0;1;û;-2;;
4605;;;;Pigs liver;g;1;1;1;1;1;1;1;1;2;1;1;3;1;1;1;0;0;1;1;û;259;;
4607;;;;All other liver;g;1;1;1;0;1;1;2;0;0;1;1;2;0;0;0;1;0;1;0;û;-62;;
51;;;All offal other than liver;;g;2;1;2;1;2;1;3;2;3;1;3;6;1;1;1;1;4;3;1;û;62;;
55;;;Bacon and ham, uncooked;;g;68;73;70;66;69;68;59;64;71;65;76;67;63;58;67;69;63;59;65;;-5;;
5502;;;;Bacon and ham joints, uncooked;g;16;21;17;17;19;17;16;21;20;20;24;23;23;16;22;21;22;15;17;û;-23;;
5505;;;;Bacon and ham rashers, uncooked;g;52;52;52;50;50;51;43;43;51;45;52;44;41;42;45;48;42;44;49;;2;;
58;;;Bacon and ham, cooked;;g;47;44;46;46;45;44;45;46;45;39;49;41;38;36;46;46;47;43;42;;-8;;
59;;;Cooked poultry not purchased in cans;;g;42;44;51;57;45;57;43;45;41;40;47;36;41;36;33;33;31;20;40;;21;;
5903;;;;Chicken and turkey, cooked;g;37;38;45;51;39;51;38;42;34;35;40;32;34;29;27;27;25;17;31;;16;;
5904;;;;Takeaway chicken;g;5;6;6;6;6;5;5;3;7;5;8;5;7;8;6;6;6;2;9;û;39;;
62;;;Corned beef, canned or sliced;;g;14;11;12;13;13;12;10;11;11;12;7;10;8;6;8;9;9;9;8;û;-10;;
66;;;Other cooked meat;;g;10;11;12;12;13;13;13;12;12;13;15;14;15;15;15;15;12;13;14;;-7;;
71;;;Other canned meat and canned meat products;;g;39;39;41;42;37;36;27;31;29;23;26;25;25;20;22;23;14;22;16;û;-30;;
74;;;Chicken, uncooked - whole chicken or chicken pieces;;g;167;159;177;177;163;168;157;178;172;166;179;214;188;181;187;195;205;198;212;ü;9;;
77;;;Other poultry, uncooked (including frozen);;g;31;26;35;32;30;22;38;27;16;20;13;19;17;19;18;21;9;18;10;û;-51;;
7703;;;;Turkey, uncooked - whole turkey or turkey pieces;g;29;22;29;28;22;20;36;20;13;17;11;17;15;18;15;18;6;17;9;û;-48;;
7704;;;;Poultry other than chicken or turkey, uncooked;g;2;4;6;4;7;2;2;7;3;3;1;1;2;1;3;3;2;2;1;û;-67;;
78;;;Other fresh, chilled and frozen meat;;g;1;1;4;4;3;1;2;1;2;2;0;4;3;0;0;0;0;0;5;û;1622;;
79;;;Sausages, uncooked - pork;;g;59;53;57;60;53;56;56;63;68;60;58;66;53;51;58;60;42;63;55;;-10;;
80;;;Sausages, uncooked - beef and other sausages;;g;14;8;5;8;6;4;6;4;3;5;5;2;5;4;2;2;2;5;2;û;-22;;
83;;;Meat pies and sausage rolls, ready to eat;;g;45;56;34;38;23;24;22;25;24;30;29;24;25;20;28;31;22;20;24;;-22;;
8302;;;;Meat pies, ready to eat;g;35;45;22;26;11;13;12;10;10;17;13;10;14;10;15;15;13;10;13;û;-18;;
8303;;;;Sausage rolls, ready to eat;g;11;11;13;13;11;11;10;15;13;13;16;13;11;10;13;15;10;11;11;;-26;;
84;;;Meat pies, pasties and puddings, frozen or not frozen;;g;43;34;42;45;53;58;52;51;55;57;53;57;44;38;52;54;34;47;37;;-31;yes;
85;;;Burgers, frozen or not frozen;;g;25;23;21;25;28;22;22;20;20;21;19;20;15;17;19;22;25;21;18;;-18;;
89;;;Ready meals and convenience meat products;;g;148;150;144;157;144;150;143;131;162;170;151;178;172;156;192;199;163;180;193;ü;-3;;
8901;;;;Complete meat-based ready meals, frozen or not frozen;g;87;89;90;96;88;94;73;71;97;98;79;102;82;83;95;95;90;88;90;;-5;;
8902;;;;Other convenience meat products, frozen or not frozen;g;61;62;54;61;56;56;69;59;65;72;72;76;89;73;97;104;73;92;102;;-2;;
93;;;Pate and delicatessen type sausage;;g;11;12;14;15;12;11;11;15;11;15;21;14;11;13;19;21;18;19;15;;-27;;
9301;;;;Pate;g;3;3;4;3;3;3;3;4;3;3;4;3;2;3;3;4;5;4;2;û;-38;;
9302;;;;Delicatessen type sausages;g;8;9;10;12;9;8;8;11;9;11;17;11;9;9;15;17;13;15;13;û;-24;;
94;;;Meat pastes and spreads;;g;2;2;1;2;2;2;2;1;1;1;1;1;1;1;1;1;1;1;1;û;-26;;
95;;;Takeaway meats;;g;51;52;49;60;57;56;55;39;39;47;54;44;48;47;40;43;53;41;50;;16;;
9501;;;;Takeaway meat pies and pasties;g;3;3;4;3;3;2;2;3;3;2;2;2;2;2;1;1;1;1;1;û;-9;;
9502;;;;Takeaway burger and bun;g;7;7;6;8;7;4;5;4;4;4;5;4;5;6;5;5;11;4;7;û;28;;
9503;;;;Takeaway kebabs;g;7;7;7;9;11;7;7;6;6;7;11;7;8;10;6;6;8;13;11;û;90;;
9504;;;;Takeaway sausages and saveloys;g;3;3;2;4;4;2;2;3;2;3;2;2;2;2;2;2;1;1;1;û;-36;;
9505;;;;Takeaway meat based meals;g;31;31;30;36;32;41;39;23;24;31;35;29;30;28;26;29;32;22;30;;4;;
9506;;;;Takeaway miscellaneous meats;g;0;0;0;0;0;0;0;0;0;0;0;0;0;0;0;0;0;0;0;û;-58;;
100123;;Fish;;;g;145;137;165;155;161;151;156;142;164;139;139;143;128;146;136;136;132;146;147;ü;9;;
102;;;White fish, fresh, chilled or frozen;;g;30;33;28;26;36;29;21;23;26;15;19;19;18;26;10;9;8;22;18;û;90;;k
10201;;;;White fish, fresh or chilled;g;15;14;17;17;26;15;14;14;12;10;15;16;11;12;7;6;6;20;15;û;130;yes;k
10202;;;;White fish, frozen;g;15;18;11;9;10;14;6;9;14;5;4;3;7;14;4;3;2;2;3;û;7;;
106;;;Herrings and other blue fish, fresh, chilled or frozen;;g;6;3;10;10;6;3;6;4;5;6;3;3;1;5;3;3;4;3;2;û;-44;;
10601;;;;Herrings and other blue fish, fresh or chilled;g;5;3;10;9;6;3;6;3;5;6;3;2;1;4;3;3;3;3;2;û;-45;;
10602;;;;Herrings and other blue fish, frozen;g;1;0;0;0;0;0;0;0;0;1;1;0;0;1;0;0;1;0;0;û;-27;;
107;;;Salmon, fresh, chilled or frozen;;g;8;5;9;9;8;9;9;9;10;9;13;11;9;12;12;12;13;11;12;û;-1;;
10701;;;;Salmon, fresh or chilled;g;8;5;8;8;7;8;8;7;9;8;11;10;7;9;11;12;13;9;10;;-10;;
10702;;;;Salmon, frozen;g;1;1;1;0;1;1;1;1;1;2;2;1;2;2;1;1;0;2;2;û;113;;
10801;;;Blue fish, dried or salted or smoked;;g;5;4;4;3;5;3;5;7;6;7;6;5;5;6;6;6;9;3;4;û;-34;;m
11401;;;White fish, dried, salted or smoked;;g;3;4;4;3;4;2;4;4;5;3;2;3;3;3;2;2;2;4;6;û;225;;
117;;;Shellfish;;g;9;11;10;7;9;12;13;12;13;13;10;11;7;7;9;9;6;12;9;û;-6;;
11702;;;;Shellfish, fresh or chilled;g;3;4;6;3;4;5;7;5;6;7;4;7;4;3;5;5;4;6;5;û;-4;;
11703;;;;Shellfish, frozen;g;6;7;4;4;6;7;6;7;7;6;6;4;3;4;4;4;2;6;4;û;-9;;
118;;;Takeaway fish;;g;13;10;11;12;13;9;9;8;11;7;10;10;6;8;8;7;5;7;7;;-10;;
119;;;Salmon, tinned;;g;6;5;8;7;4;4;8;5;6;3;2;3;4;3;2;3;2;1;3;û;4;;
120;;;Other tinned or bottled fish;;g;26;30;34;36;28;29;33;22;27;22;21;23;23;18;24;24;24;26;27;;11;;
121;;;Ready meals and other fish products - frozen or not frozen;;g;36;31;44;41;44;47;46;47;52;52;52;52;52;54;57;55;56;53;58;;5;;
123;;;Takeaway fish meals and fish products;;g;3;2;3;2;4;3;2;2;2;2;2;4;1;3;3;4;1;4;2;û;-49;;
12304;;;;Takeaway fish products;g;1;1;1;1;1;1;0;1;0;0;0;1;0;1;0;0;0;0;0;û;-51;;
12305;;;;Takeaway fish based meals;g;2;1;2;1;2;2;1;1;1;1;2;3;1;2;3;3;1;4;2;û;-49;;
129129;;Eggs;;;no.;2;2;2;1;2;2;2;2;2;2;2;2;2;2;2;2;2;2;2;ü;23;;
135148;;Fats;;;g;193;201;188;181;197;176;181;221;201;175;159;181;182;153;151;153;157;153;163;ü;6;;
135;;;Butter;;g;33;38;31;32;38;34;39;41;39;34;38;40;38;38;40;41;41;36;37;;-8;;
138;;;Margarine;;g;17;14;14;9;26;18;17;27;26;23;21;22;27;23;18;20;32;26;42;;106;yes;k
13801;;;;Soft margarine;g;16;14;13;5;23;17;16;25;23;20;19;20;25;20;17;19;25;24;34;û;79;;
13802;;;;Other margarine;g;1;0;1;4;3;1;1;2;3;3;2;2;3;3;1;1;7;2;7;û;610;yes;
139;;;Lard, cooking fat;;g;6;7;6;4;4;4;3;5;3;3;3;2;2;3;2;2;1;1;1;û;-30;;
143;;;Vegetable and salad oils;;ml;51;58;45;56;61;49;57;81;69;51;42;58;69;42;41;43;40;60;40;;-6;;
14304;;;;Olive oil;ml;5;7;6;11;9;9;9;18;8;11;13;13;13;9;11;11;9;22;11;û;1;;
14305;;;;Other vegetable and salad oils;ml;46;50;39;45;52;40;48;62;61;40;29;44;57;34;30;32;31;38;29;û;-9;;
148;;;All other fats;;g;86;85;93;81;68;72;65;67;64;65;55;59;45;47;51;48;42;31;42;;-11;;
14802;;;;Reduced fat spreads;g;63;60;66;48;41;51;42;48;44;42;33;37;26;26;34;32;24;17;27;;-17;;
14803;;;;Low fat spreads;g;16;15;17;23;18;15;13;10;12;13;14;13;13;11;10;10;11;9;9;û;-6;;
14805;;;;Suet and dripping;g;1;2;1;1;1;0;1;3;2;2;2;1;1;2;1;1;1;1;1;û;-35;;
14807;;;;Imitatation cream;g;6;8;9;9;8;6;9;6;6;7;7;8;5;9;5;5;5;4;6;û;17;;
150154;;Sugar and preserves;;;g;153;157;139;130;144;128;115;139;141;121;126;133;117;117;114;111;133;118;101;;-8;;
150;;;Sugar;;g;119;126;106;98;108;94;83;102;107;91;94;99;82;86;83;82;93;90;67;;-18;;
151;;;Jams and fruit curds;;g;17;12;16;16;18;15;15;14;15;14;17;14;18;15;14;12;11;10;14;;13;;
152;;;Marmalade;;g;11;12;12;9;10;11;10;13;8;10;8;9;7;5;7;6;4;5;9;û;49;;
153;;;Syrup, treacle;;g;2;3;2;3;3;3;2;3;4;3;3;4;5;3;4;4;3;5;3;û;-21;;
154;;;Honey;;g;4;5;3;5;5;5;4;8;6;4;4;7;6;8;6;6;22;7;8;û;32;;
;Fresh and processed fruit and vegetables, including potatoes;;;;g;3016;3069;3298;2941;3085;3096;2948;2975;2947;2757;2917;2947;2752;2719;2830;2836;3057;2774;3044;üü;7;;
cat730;Fresh and processed vegetables, including potatoes;;;;g;1971;2006;2067;1856;1974;1940;1748;1898;1930;1719;1868;1867;1696;1712;1797;1810;1798;1746;1887;üü;4;;
cat701;Fresh and processed potatoes;;;;g;934;923;951;817;912;862;754;801;842;732;788;806;718;694;726;749;673;702;707;ü;-6;;
155;;;Fresh potatoes;;g;649;650;666;538;634;593;497;549;573;475;526;523;452;432;447;458;453;435;431;ü;-6;;
15505;;;;Fresh new potatoes;g;0;0;0;99;107;91;92;76;116;77;82;65;48;66;73;74;76;68;78;;5;;
15506;;;;Fresh baking potatoes;g;0;0;0;50;51;58;63;53;55;55;70;63;53;51;59;65;63;42;88;;35;;
15504;;;;Other fresh potatoes;g;0;0;0;388;476;444;342;420;402;343;374;395;351;314;314;319;313;325;266;ü;-17;;
cat710;Processed potatoes;;;;g;286;274;285;279;278;269;257;252;269;257;262;283;266;262;279;291;220;267;275;ü;-6;;
197;;;Chips and takeaway chips;;g;171;160;158;156;156;149;145;132;163;148;154;166;143;157;151;160;113;142;143;ü;-11;;
19702;;;;Chips - frozen or not frozen;g;124;109;107;104;104;110;108;99;126;115;112;130;111;113;119;129;81;113;108;;-17;;
19703;;;;Takeaway chips;g;47;51;50;52;52;39;37;34;38;33;42;36;32;44;32;31;32;28;36;;14;;
198;;;Instant potato;;g;1;1;1;2;2;2;1;4;0;0;1;0;1;0;1;1;1;1;0;û;-81;;
199;;;Canned potatoes;;g;6;6;4;6;6;7;4;10;3;2;4;3;2;3;5;6;6;6;9;û;58;;
200;;;Crisps and potato snacks;;g;66;67;67;69;60;60;58;60;57;60;59;61;62;53;69;69;55;64;64;ü;-7;;
201;;;Other potato products, frozen or not frozen;;g;42;39;55;46;54;51;49;46;45;46;45;53;58;49;54;55;45;54;59;;6;;
cat811;Fresh and processed fruit and vegetables, excluding potatoes;;;;g;2082;2146;2347;2124;2173;2234;2194;2175;2105;2025;2129;2141;2034;2025;2104;2087;2385;2072;2338;üü;12;;
cat720;Fresh and processed vegetables, excluding potatoes;;;;g;1036;1082;1116;1039;1062;1078;994;1097;1088;987;1080;1061;978;1018;1071;1060;1125;1044;1180;ü;11;;
162171;;Fresh green vegetables;;;g;217;223;245;214;220;211;200;205;205;188;217;189;159;188;176;175;184;170;197;ü;13;;
162;;;Fresh cabbages;;g;52;42;45;40;51;46;41;40;39;33;39;39;29;38;25;24;30;28;26;;10;;
163;;;Fresh brussels sprouts;;g;16;13;16;12;14;15;12;16;15;17;14;14;12;11;12;12;10;7;14;û;14;;
164;;;Fresh cauliflower;;g;69;80;84;76;74;70;63;69;69;55;67;55;53;66;55;50;64;58;77;;54;yes;k
167;;;Leafy salads fresh;;g;57;55;61;58;54;55;51;49;54;51;53;51;41;46;49;51;46;45;48;ü;-6;;
16701;;;;Lettuce and leafy salads;g;57;39;45;45;42;42;35;37;38;36;36;36;26;30;32;34;30;32;34;;1;;
16702;;;;Prepared lettuce salads;g;0;16;16;13;13;13;17;13;16;15;17;14;15;16;16;17;16;13;14;;-19;;
168;;;Fresh peas;;g;4;3;7;2;4;4;5;5;5;5;8;4;3;4;5;5;5;4;3;û;-38;;
169;;;Fresh beans;;g;16;26;28;21;18;17;23;18;18;21;29;20;14;18;22;25;17;19;20;;-23;;
171;;;Other fresh green vegetables;;g;3;3;3;5;3;3;4;7;5;5;7;7;6;6;8;7;12;9;9;û;23;;
172183;;Other fresh vegetables;;;g;463;472;512;492;491;508;484;541;530;469;536;528;498;511;519;512;592;528;600;ü;17;;
172;;;Fresh carrots;;g;108;99;112;99;102;103;101;108;106;94;103;102;94;107;105;101;114;100;131;;30;;
173;;;Fresh turnips and swede;;g;25;29;24;26;24;25;22;22;20;18;17;15;14;12;16;14;9;13;19;û;30;;
174;;;Other fresh root vegetables;;g;23;25;29;27;30;35;36;33;40;38;45;38;40;40;38;35;59;38;40;;15;;
175;;;Fresh onions, leeks and shallots;;g;89;95;94;85;89;96;85;118;104;84;105;103;100;89;96;94;102;91;101;;7;;
176;;;Fresh cucumbers;;g;35;33;42;45;36;43;38;44;43;33;38;42;37;44;44;45;56;44;53;;18;;
177;;;Fresh mushrooms;;g;30;29;33;31;33;33;32;35;38;31;34;31;29;30;31;31;34;40;43;;39;yes;k
178;;;Fresh tomatoes;;g;89;94;97;97;88;83;81;84;83;75;78;76;77;80;78;82;83;73;82;;0;;
183;;;Miscellaneous fresh vegtables;;g;63;68;81;82;89;90;89;98;96;97;116;120;107;110;112;112;134;128;133;;19;;
18301;;;;Fresh vegetable stewpack, stirfry pack etc.;g;11;14;18;17;20;20;23;32;23;28;27;32;25;32;23;24;25;24;22;;-8;;
18302;;;;Fresh stem vegetables;g;19;21;19;24;22;22;20;18;21;23;20;22;17;17;20;20;30;28;25;;24;;
18303;;;;Fresh marrow, courgettes, aubergine, pumpkin and other vegetables;g;31;30;41;37;44;44;42;45;49;43;63;60;60;57;66;65;73;71;80;;24;;
18304;;;;Fresh herbs;g;2;3;4;3;3;3;3;3;3;3;5;6;5;4;4;4;5;5;6;û;76;;
cat702;Processed vegetables excluding processed potatoes;;;;g;356;387;359;333;352;360;310;351;353;330;327;344;321;319;376;374;349;346;383;ü;3;;
184;;;Tomatoes, canned or bottled;;g;40;44;45;39;52;47;36;59;47;60;41;51;45;54;59;49;58;65;70;;42;;
185;;;Peas, canned;;g;36;36;31;28;25;27;23;21;26;20;16;18;16;13;17;17;16;18;15;û;-15;;
188;;;Beans canned;;g;116;128;106;104;104;116;94;97;105;109;105;104;103;80;117;120;78;77;106;;-12;;
18802;;;;Baked beans in sauce;g;107;119;98;92;86;103;82;84;98;92;96;89;92;71;103;107;64;62;90;;-16;;
18803;;;;Other canned beans and pulses;g;9;9;8;11;18;13;13;12;7;17;9;15;11;9;14;13;14;16;16;;22;;
191;;;Other canned vegetables;;g;28;33;22;25;27;23;22;16;21;18;15;22;17;12;15;15;23;24;17;û;13;;
192;;;Dried pulses other than air-dried;;g;4;15;5;7;11;7;6;25;4;5;6;5;4;16;14;17;18;5;11;û;-34;;
195;;;Air-dried vegetables;;g;0;0;1;1;0;1;0;0;0;0;0;0;0;0;0;0;0;0;1;û;1139;;
196;;;Vegetable juices and purees;;ml;6;9;6;7;5;12;7;10;12;4;7;6;6;9;7;6;13;5;18;û;188;;
19602;;;;Tomato puree and vegetable purees;ml;4;4;2;4;3;3;3;2;4;3;2;4;3;4;2;2;5;4;5;û;131;yes;
19603;;;;Vegetable juices eg tomato juice, carrot juice;ml;2;5;4;3;3;9;4;8;8;1;5;3;2;6;4;4;8;1;14;û;216;;
203;;;Peas, frozen;;g;28;26;35;29;25;31;25;27;34;25;29;33;29;31;32;30;38;36;33;;9;;
204;;;Beans, frozen;;g;9;4;4;6;4;4;5;6;3;3;4;3;6;2;5;5;2;6;3;û;-37;;
206;;;Ready meals and other vegetable products (inc takeaways);;g;52;53;59;57;61;60;53;56;65;59;68;63;62;62;73;79;75;63;76;ü;-3;;
20601;;;;Ready meals and other vegetable products, frozen or not frozen;g;44;46;50;47;47;52;46;50;54;52;53;57;54;56;65;71;68;60;69;;-3;;
20604;;;;All vegetable takeaway products;g;7;7;9;10;14;8;6;6;11;7;15;6;8;6;7;8;7;3;7;û;-5;;
208;;;Other frozen vegetables;;g;38;39;46;30;36;33;40;33;35;27;35;38;34;38;38;34;28;47;33;û;-3;;
cat810;Fresh and processed fruit;;;;g;1045;1064;1231;1085;1111;1156;1200;1077;1017;1038;1049;1080;1056;1007;1033;1026;1260;1029;1158;ü;13;;
210231;;Fresh fruit;;;g;668;681;822;764;738;763;794;731;703;693;708;743;697;712;724;724;924;750;835;ü;15;;
210;;;Fresh oranges;;g;47;52;65;47;48;44;60;53;34;50;55;60;38;45;55;47;41;46;61;;29;;
214;;;Other fresh citrus fruits;;g;73;72;98;85;85;75;75;72;69;57;58;68;64;60;67;64;99;74;93;;46;yes;
217;;;Fresh apples;;g;156;153;186;167;154;163;164;154;144;137;140;130;138;116;118;113;132;104;139;;22;;
218;;;Fresh pears;;g;35;39;46;51;43;46;45;34;48;44;41;51;34;33;30;29;48;35;42;;42;;
221;;;Fresh stone fruit;;g;57;60;67;55;57;53;53;53;50;51;51;50;46;56;70;78;91;67;60;;-24;;
222;;;Fresh grapes;;g;42;44;55;52;63;61;56;51;56;64;50;55;53;56;59;61;66;63;63;ü;2;;
227;;;Other fresh soft fruit;;g;20;27;32;27;35;31;44;39;45;41;41;44;37;45;57;65;80;59;76;;17;;
228;;;Fresh bananas;;g;183;187;225;213;201;229;230;211;199;193;218;215;219;226;197;196;242;219;216;ü;10;;
229;;;Fresh melons;;g;36;31;30;42;23;31;33;26;26;21;20;32;24;31;31;34;60;52;37;û;10;;
231;;;Other fresh fruit;;g;18;17;18;24;30;31;35;37;31;35;34;39;43;44;40;35;65;30;48;;38;;
233248;;Processed fruit and fruit products;;;g;378;383;409;321;373;392;405;346;313;344;341;337;359;295;309;302;336;279;323;ü;7;;
233;;;Tinned peaches, pears and pineapples;;g;22;18;18;14;12;17;18;14;13;15;12;13;9;8;14;13;11;9;10;û;-23;;
236;;;All other tinned or bottled fruit;;g;26;20;27;21;18;19;17;23;17;16;19;17;12;19;18;19;12;18;14;û;-28;;
240;;;Dried fruit;;g;13;20;19;20;15;21;21;21;29;16;22;19;19;18;16;17;18;12;19;û;15;;
241;;;Frozen strawberries, apple slices, peach halves, oranges and other frozen fruits;;g;1;1;1;0;1;2;3;3;1;0;1;1;2;3;2;2;6;4;10;û;565;yes;k
245;;;Nuts, edible seeds and peanut butter;;g;17;21;23;22;24;27;25;22;26;24;23;27;27;42;27;25;36;34;43;;73;yes;k
24502;;;;Nuts and edible seeds;g;13;18;20;20;22;23;20;21;23;19;19;24;24;39;23;22;28;29;32;;45;;
24503;;;;Peanut butter;g;4;3;3;2;3;4;5;1;2;5;4;3;3;3;3;2;8;4;11;û;324;yes;
248;;;Pure fruit juices;;ml;299;303;321;246;302;306;321;263;228;272;264;260;289;206;232;227;253;202;227;;0;;
251263;;Bread;;;g;766;778;760;715;707;715;686;668;673;675;632;635;632;561;568;567;544;522;568;üü;0;;
cat850;White bread;;;;g;474;481;418;399;358;359;311;336;324;333;286;280;273;226;237;241;218;202;210;ü;-13;;
251;;;White bread, standard, unsliced;;g;56;48;39;60;41;39;41;33;31;28;26;25;24;19;26;28;16;13;10;û;-63;yes;m
252;;;White bread, standard, sliced;;g;381;411;371;325;301;312;267;300;290;302;258;253;244;203;208;210;200;186;194;ü;-8;;
257;;;White bread, premium, sliced and unsliced;;g;34;19;6;11;11;5;1;1;1;1;1;2;1;0;0;0;0;0;0;û; ; ; 
258;;;White bread, soft grain, sliced and unsliced;;g;3;3;2;3;5;3;2;1;2;2;1;1;4;4;3;3;2;3;5;û;92;;
cat851;Brown and wholemeal bread;;;;g;136;124;151;140;180;161;178;149;164;168;170;163;159;146;152;143;133;135;164;ü;15;;
259;;;Brown bread, sliced and unsliced;;g;39;43;38;34;48;32;30;28;34;35;42;30;35;27;31;32;28;20;30;;-6;;
260;;;Wholemeal and granary bread, sliced and unsliced;;g;98;82;114;105;133;129;148;122;131;133;128;133;124;119;121;110;105;115;134;ü;21;;
263;;;Total other bread;;g;156;173;191;176;169;194;196;183;185;173;176;192;200;189;178;183;193;185;194;ü;6;;
26302;;;;Rolls - white, brown or wholemeal;g;73;92;79;79;72;85;80;74;74;77;60;61;72;68;64;67;66;65;59;;-12;;
26303;;;;Malt bread and fruit loaves;g;9;6;7;10;7;8;9;8;9;10;6;10;7;6;9;7;7;4;8;û;9;;
26304;;;;Vienna and french bread;g;24;30;34;28;27;28;26;23;25;22;27;27;26;25;21;23;29;19;24;;5;;
26305;;;;Starch reduced bread and rolls;g;7;8;16;9;8;10;10;15;11;8;9;6;6;5;3;3;3;1;4;û;17;;
26308;;;;Other breads;g;30;27;41;38;41;49;57;53;53;43;55;71;70;67;63;65;72;83;77;;19;;
26309;;;;Sandwiches;g;7;7;9;9;8;9;9;7;10;9;12;12;15;13;14;12;12;10;17;;47;;
26310;;;;Sandwiches from takeaway;g;4;2;4;3;3;3;3;1;2;2;4;3;3;3;4;4;2;2;3;û;-34;;
26311;;;;Takeaway breads;g;1;1;1;2;3;2;1;1;1;2;2;1;2;2;1;1;1;1;1;û;21;;
264264;;Flour;;;g;52;69;58;40;51;46;55;42;95;43;52;82;63;71;45;34;48;105;39;û;16;;
267270;;Cakes, buns and pastries;;;g;168;154;168;166;174;169;160;166;164;162;166;158;153;153;174;169;160;161;150;ü;-11;;
267;;;Buns, scones and teacakes;;g;36;38;41;47;47;47;46;41;51;47;52;46;50;52;57;52;57;56;56;;8;;
270;;;Cakes and pastries;;g;131;116;127;120;127;122;114;124;113;116;114;112;103;101;117;117;103;105;94;ü;-19;yes;
27001;;;;Cakes and pastries, not frozen;g;129;115;126;119;125;121;113;123;112;115;112;111;102;100;116;116;102;105;93;ü;-20;yes;
27002;;;;Takeaway pastries;g;2;1;1;1;2;1;1;1;1;1;2;1;2;1;1;1;1;1;1;û;2;;
271277;;Biscuits and crispbreads;;;g;190;191;171;175;184;189;162;170;181;167;184;174;179;165;190;194;157;165;179;ü;-8;;
271;;;Crispbread;;g;6;7;5;9;6;6;6;5;6;6;8;6;7;6;8;8;8;5;6;û;-30;;
274;;;Biscuits other than chocolate;;g;106;108;98;100;116;120;107;113;109;111;110;117;113;109;119;120;96;104;112;;-7;;
27402;;;;Sweet biscuits (not chocolate) and cereal bars;g;92;92;86;86;103;106;95;100;95;98;98;105;100;94;105;106;84;88;100;;-6;;
27403;;;;Cream crackers and other unsweetened biscuits;g;14;15;12;14;14;15;12;13;14;14;12;12;13;14;13;14;12;16;12;û;-16;;
277;;;Chocolate biscuits;;g;78;76;69;66;62;62;49;52;65;49;66;51;59;51;63;65;53;56;61;ü;-7;;
281301;;Other cereals and cereal products;;;g;487;527;501;470;493;529;567;476;563;509;529;508;613;572;533;528;642;626;580;ü;10;;
281;;;Oatmeal and oat products;;g;9;10;14;13;15;14;19;21;19;16;16;19;20;28;16;15;32;36;23;û;50;;
282;;;Breakfast cereals;;g;132;134;141;129;133;141;132;115;127;122;141;122;141;117;126;122;128;111;126;ü;3;;
28202;;;;Muesli;g;13;13;18;13;15;15;14;13;13;15;18;16;23;16;21;20;19;16;23;û;17;;
28203;;;;High fibre breakfast cereals;g;52;48;57;52;60;61;53;49;57;48;53;43;46;44;47;40;51;43;44;;10;;
28204;;;;Sweetened breakfast cereals;g;37;42;35;38;35;38;38;30;35;34;40;34;35;33;31;33;35;29;36;;9;;
28205;;;;Other breakfast cereals;g;30;31;30;26;24;28;26;23;23;25;31;29;38;24;27;29;23;23;23;;-21;;
285;;;Canned milk puddings;;g;26;28;29;25;22;24;23;26;32;34;29;27;22;23;25;23;26;18;20;û;-13;;
28502;;;;Canned or fresh carton custard;g;11;12;15;11;10;14;14;16;18;22;19;14;12;15;13;12;18;9;11;û;-12;;
28503;;;;All canned milk puddings;g;15;15;14;14;11;10;10;11;14;12;10;13;10;8;11;11;8;10;9;û;-15;;
286;;;Puddings;;g;10;8;12;10;10;10;8;12;11;14;10;10;10;9;7;7;7;10;11;û;61;;
287;;;Rice;;g;63;86;59;66;72;71;118;60;104;67;80;71;129;133;76;80;123;168;121;;51;;
28702;;;;Dried rice;g;42;66;39;42;48;44;91;39;79;40;50;46;99;100;45;49;80;139;79;û;61;;
28703;;;;Cooked rice;g;6;4;4;5;5;8;8;9;10;13;11;13;13;17;18;16;27;21;25;;58;;
28704;;;;Takeaway rice;g;16;17;16;20;18;18;19;11;14;13;19;12;17;16;13;15;15;8;16;û;8;;
290;;;Invalid foods, slimming foods and sports foods;;g;2;2;2;3;4;8;6;4;4;3;1;2;1;0;2;3;4;1;3;û;11;;
291;;;Infant cereal foods;;g;1;1;1;0;1;2;1;1;1;1;1;1;3;2;0;0;2;1;1;û;222;;
294;;;Cakes and pastries - frozen;;g;13;11;14;7;7;10;7;10;14;8;7;11;11;11;10;10;8;5;8;û;-26;;
295;;;Pasta;;g;84;96;79;72;87;89;94;76;96;88;87;84;90;79;75;69;130;93;86;ü;24;;
29501;;;;Canned pasta;g;32;36;26;23;32;25;27;23;28;22;21;18;21;13;18;20;19;10;10;û;-49;yes;m
29502;;;;Dried and fresh pasta;g;52;60;52;48;54;63;65;52;67;66;65;65;68;65;56;48;111;81;75;;54;yes;
29503;;;;Takeaway pasta and noodles;g;1;0;1;1;1;1;1;0;1;1;0;0;1;1;1;1;1;1;1;û;35;;
296;;;Pizza;;g;74;69;72;73;70;76;80;74;67;66;77;81;97;81;88;90;64;85;73;;-18;;
29601;;;;Pizzas, frozen and not frozen;g;52;52;52;52;50;60;55;51;52;49;53;59;70;57;67;67;45;69;57;;-15;;
29602;;;;Takeaway pizza;g;22;17;20;21;20;16;25;23;15;17;23;22;27;25;20;23;19;16;16;û;-29;;
299;;;Other cereal convenience foods;;g;70;75;76;68;65;76;75;72;82;84;74;76;85;84;100;103;105;94;104;ü;2;;
29907;;;;Cake, pudding and dessert mixes;g;9;13;7;5;5;6;4;5;6;9;6;8;6;10;6;7;3;5;8;û;23;;
29909;;;;Cereal snacks;g;19;27;24;19;17;18;18;18;21;18;18;20;22;22;26;27;26;21;24;;-11;;
29915;;;;Quiches and flans, frozen and not frozen;g;13;9;15;11;12;11;14;12;14;10;11;9;10;9;11;11;9;8;10;û;-11;;
29916;;;;Takeaway crisps, savoury snacks, popcorn, popadums, prawn crackers;g;1;1;1;1;1;1;1;0;0;1;2;1;1;1;1;1;1;0;1;û;65;;
29919;;;;Other cereal foods, frozen and not frozen;g;29;26;30;32;29;40;38;37;41;45;38;40;46;42;56;57;66;60;61;ü;7;;
301;;;Other cereals;;g;4;6;3;5;7;7;5;5;6;6;6;4;5;5;9;6;13;4;4;û;-28;;
304313;;Beverages;;;g;60;57;56;53;55;54;53;52;62;56;58;55;45;48;57;57;54;49;55;;-4;;
304;;;Tea;;g;36;35;32;32;31;29;29;31;33;30;29;27;22;22;28;29;23;23;19;;-34;yes;m
307;;;Coffee beans and ground coffee;;g;2;3;3;3;2;2;3;1;3;4;2;5;3;6;7;6;9;4;13;û;101;;
308;;;Instant coffee;;g;14;12;13;12;14;13;13;12;16;14;17;16;12;13;14;15;14;17;12;;-16;;
309;;;Coffee essences;;ml;0;0;0;0;0;0;0;0;0;0;0;0;0;0;0;0;0;0;0;û; ; ; 
310;;;Tea and coffee from takeaway;;ml;0;0;0;0;0;0;0;0;1;0;1;0;1;0;1;0;0;0;1;û;89;;
312;;;Cocoa and chocolate drinks;;g;5;4;4;4;4;5;3;4;6;4;5;5;5;5;5;5;4;5;5;û;-10;;
313;;;Malt drinks and chocolate versions of malted drinks;;g;3;3;4;2;3;5;4;3;3;4;3;2;2;2;1;1;3;0;5;û;356;;
314339;;Other food and drink;;;g;624;613;662;671;693;727;730;662;675;622;717;678;746;663;814;821;979;817;946;ü;15;;
314;;;Mineral or spring waters;;ml;159;145;187;225;248;293;258;210;196;186;249;199;266;255;331;324;486;423;464;;43;;
315;;;Baby foods;;g;5;8;12;4;6;4;10;15;15;10;8;12;16;11;7;8;8;8;2;û;-75;;
318;;;Soups - canned or cartons;;g;76;77;81;77;85;71;84;62;82;66;80;85;81;55;79;73;54;59;74;;2;;
319;;;Soups - dehydrated or powdered;;g;4;5;3;4;4;4;6;5;4;5;3;4;3;2;4;4;3;4;5;û;33;;
320;;;Soups - from takeaway;;g;0;1;0;0;1;0;1;0;0;0;0;1;0;0;0;0;1;0;0;û;-97;;
321;;;Other takeaway food brought home;;g;0;0;0;0;0;0;0;0;0;0;0;0;0;0;0;0;0;0;0;û;-23;;
322;;;Meals on wheels - items not specified;;g;0;1;0;1;2;2;0;1;0;0;0;0;0;0;0;0;0;0;0;û; ; ; 
323;;;Spreads and dressings;;g;30;30;36;40;34;32;38;43;36;45;45;42;46;41;50;52;56;42;54;;4;;
32302;;;;Salad dressings;g;27;26;33;36;29;28;34;36;31;38;34;34;37;33;40;43;45;32;44;;4;;
32303;;;;Other spreads and dresssings;g;4;4;4;4;5;4;4;7;5;7;10;9;9;8;10;9;11;10;10;û;3;;
327;;;Pickles and sauces;;g;122;118;120;115;122;130;124;131;137;117;122;127;126;110;132;134;148;116;118;ü;-12;;
32702;;;;Pickles;g;19;13;13;14;12;14;15;16;12;10;13;14;9;10;16;19;19;19;13;û;-34;;
32703;;;;Sauces;g;102;104;106;100;109;115;109;114;124;107;108;113;117;99;115;114;128;97;105;ü;-8;;
32704;;;;Takeaway sauces and mayonnnaise;g;1;1;1;1;1;0;0;0;1;0;1;1;1;1;1;1;1;1;1;û;-16;;
328;;;Stock cubes and meat and yeast extracts;;g;4;5;4;4;4;3;3;5;6;5;5;5;4;6;6;5;4;3;4;û;-19;;
329;;;Jelly squares or crystals;;g;3;3;5;3;4;4;4;5;6;6;5;4;4;3;7;8;4;4;3;û;-60;yes;
332;;;Ice cream tub or block;;ml;120;124;127;107;100;93;125;100;93;88;110;112;111;90;99;108;109;100;101;;-6;;
333;;;Ice cream products including takeaways;;ml;87;81;72;79;67;77;62;68;87;76;77;70;75;76;84;93;92;48;100;û;8;;
33302;;;;Ice cream cornets, choc-ices, lollies with ice cream;ml;55;52;52;56;48;42;41;45;47;46;46;44;44;44;48;53;47;35;48;;-10;;
33303;;;;Ice lollies, sorbet, frozen mousse, frozen yoghurt;ml;29;27;17;21;19;34;21;22;39;29;30;26;30;31;35;39;44;13;50;û;29;;
33304;;;;Takeaway ice cream, ice cream products, milkshakes;ml;3;3;3;2;1;2;1;1;1;0;1;1;1;1;1;1;1;0;3;û;180;;
334;;;Salt;;g;9;10;7;8;10;7;7;13;9;9;6;10;8;7;7;6;10;5;12;û;94;;
339;;;Soya and novel protein foods;;g;4;4;6;4;5;5;8;5;6;8;5;7;4;6;9;7;5;5;8;û;11;;
340344;;Soft drinks;;;ml;1857;2070;2141;1853;1856;1823;1739;1710;1815;1763;1707;1582;1768;1552;1615;1689;1799;1713;1747;ü;3;;
340;;;Soft drinks, concentrated, not low calorie;;ml;670;685;756;554;655;684;663;641;660;482;324;372;347;257;254;266;206;161;242;û;-9;;
341;;;Soft drinks, not concentrated,  not low calorie;;ml;698;816;839;826;777;663;620;600;696;616;671;491;605;526;530;533;419;473;432;;-19;;
343;;;Soft drinks, concentrated, low calorie;;ml;179;200;171;151;110;162;136;159;161;265;300;334;388;368;341;354;588;413;562;;58;;
344;;;Soft drinks, not concentrated, low calorie;;ml;310;369;375;323;314;315;320;309;299;400;412;385;428;401;490;535;586;667;512;;-4;;
350355;;Confectionery;;;g;133;133;135;142;135;132;133;140;142;123;141;136;143;128;152;147;135;126;154;ü;5;;
350;;;Chocolate bars - solid;;g;28;26;28;32;33;32;32;34;30;28;34;34;40;33;40;39;34;34;45;;16;;
351;;;Chocolate bars - filled;;g;56;57;66;68;58;58;60;62;65;55;62;50;52;53;60;55;51;51;58;;4;;
352;;;Chewing gum;;g;2;3;2;2;2;2;3;3;2;2;2;1;1;2;1;2;1;1;1;û;-10;;
353;;;Mints and boiled sweets;;g;43;43;35;35;39;34;36;36;42;33;39;46;46;37;45;46;47;36;46;;1;;
35301;;;;Mints;g;4;5;5;5;5;4;4;4;5;4;3;2;3;2;2;2;2;2;2;û;-26;;
35302;;;;Boiled sweets;g;39;39;30;30;34;29;32;32;38;30;36;44;43;36;43;43;44;33;44;;3;;
354;;;Fudges, toffees, caramels;;g;3;4;4;4;4;5;3;4;4;3;4;4;3;3;5;5;2;3;4;û;-23;;
355;;;Takeaway confectionery;;g;0;0;1;0;0;0;0;0;0;0;0;0;0;0;0;0;0;0;0;û;-14;;
380389;;Alcoholic drinks;;;ml;648;642;754;707;711;677;627;623;754;718;643;572;602;538;659;697;667;747;774;;11;;
381;;;Beers;;ml;78;115;101;102;69;110;88;80;99;82;87;64;75;69;72;73;56;95;93;û;27;;
382;;;Lagers and continental beers;;ml;287;223;294;290;318;278;271;254;261;292;231;168;250;197;243;242;287;288;218;û;-10;;
383;;;Ciders and perry;;ml;54;47;46;52;73;33;41;78;127;73;69;92;53;64;64;78;78;31;104;û;33;;
384;;;Wine and champagne;;ml;168;153;224;192;186;193;176;156;195;211;201;198;186;155;223;240;202;266;282;;17;;
38402;;;;Champagne, sparkling wines and wine with mixer;ml;4;7;9;6;4;8;7;2;5;7;4;10;10;5;12;12;12;25;31;û;153;;k
38403;;;;Table wine;ml;165;147;215;186;182;185;168;154;190;204;197;187;176;150;211;228;189;241;250;;10;;
385;;;Spirits with mixer;;ml;0;0;1;1;0;0;0;1;2;1;0;1;0;0;2;2;3;5;11;û;492;;
386;;;Fortified wines;;ml;13;24;22;8;15;6;7;13;10;7;6;10;6;5;7;6;3;3;8;û;43;;
387;;;Spirits;;ml;29;33;33;37;36;40;30;27;44;36;36;28;22;29;35;40;26;45;50;;25;;
388;;;Liqueurs and cocktails;;ml;3;6;8;4;4;7;7;7;9;9;4;7;5;9;11;12;8;8;7;û;-41;;
389;;;Alcopops;;ml;15;40;24;21;11;11;9;8;7;7;7;5;5;10;3;3;3;6;1;û;-77;;
;;;;;;;;;;;;;;;;;;;;;;;;;;;;
;;;;;;;;;;;;;;;;;;;;;;;;;;;;
;;;;;;;;;;;;;;;;;;;;;;;;;;;;
;;;;;;;;;;;;;;;;;;;;;;;;;;;;
;;;;;;;;;;;;;;;;;;;;;;;;;;;;
;;;;;;;;;;;;;;;;;;;;;;;;;;;;
;;;;;;;;;;;;;;;;;;;;;;;;;;;;
;;;;;;;;;;;;;;;;;;;;;;;;;;;;
;;;;;;;;;;;;;;;;;;;;;;;;;;;;
;;;;;;;;;;;;;;;;;;;;;;;;;;;;
;;;;;;;;;;;;;;;;;;;;;;;;;;;;
;;;;;;;;;;;;;;;;;;;;;;;;;;;;
;;;;;;;;;;;;;;;;;;;;;;;;;;;;
;;;;;;;;;;;;;;;;;;;;;;;;;;;;
;;;;;;;;;;;;;;;;;;;;;;;;;;;;
;;;;;;;;;;;;;;;;;;;;;;;;;;;;
;;;;;;;;;;;;;;;;;;;;;;;;;;;;
;;;;;;;;;;;;;;;;;;;;;;;;;;;;
;;;;;;;;;;;;;;;;;;;;;;;;;;;;
;;;;;;;;;;;;;;;;;;;;;;;;;;;;
;;;;;;;;;;;;;;;;;;;;;;;;;;;;
;;;;;;;;;;;;;;;;;;;;;;;;;;;;
;;;;;;;;;;;;;;;;;;;;;;;;;;;;
;;;;;;;;;;;;;;;;;;;;;;;;;;;;
;;;;;;;;;;;;;;;;;;;;;;;;;;;;
;;;;;;;;;;;;;;;;;;;;;;;;;;;;
;;;;;;;;;;;;;;;;;;;;;;;;;;;;
;;;;;;;;;;;;;;;;;;;;;;;;;;;;
;;;;;;;;;;;;;;;;;;;;;;;;;;;;
;;;;;;;;;;;;;;;;;;;;;;;;;;;;
;;;;;;;;;;;;;;;;;;;;;;;;;;;;
;;;;;;;;;;;;;;;;;;;;;;;;;;;;
;;;;;;;;;;;;;;;;;;;;;;;;;;;;
;;;;;;;;;;;;;;;;;;;;;;;;;;;;
;;;;;;;;;;;;;;;;;;;;;;;;;;;;
;;;;;;;;;;;;;;;;;;;;;;;;;;;;
;;;;;;;;;;;;;;;;;;;;;;;;;;;;
;;;;;;;;;;;;;;;;;;;;;;;;;;;;
;;;;;;;;;;;;;;;;;;;;;;;;;;;;
;;;;;;;;;;;;;;;;;;;;;;;;;;;;
;;;;;;;;;;;;;;;;;;;;;;;;;;;;
;;;;;;;;;;;;;;;;;;;;;;;;;;;;
;;;;;;;;;;;;;;;;;;;;;;;;;;;;
;;;;;;;;;;;;;;;;;;;;;;;;;;;;
;;;;;;;;;;;;;;;;;;;;;;;;;;;;
;;;;;;;;;;;;;;;;;;;;;;;;;;;;
;;;;;;;;;;;;;;;;;;;;;;;;;;;;
;;;;;;;;;;;;;;;;;;;;;;;;;;;;
;;;;;;;;;;;;;;;;;;;;;;;;;;;;
;;;;;;;;;;;;;;;;;;;;;;;;;;;;
;;;;;;;;;;;;;;;;;;;;;;;;;;;;
;;;;;;;;;;;;;;;;;;;;;;;;;;;;
;;;;;;;;;;;;;;;;;;;;;;;;;;;;
;;;;;;;;;;;;;;;;;;;;;;;;;;;;
;;;;;;;;;;;;;;;;;;;;;;;;;;;;
;;;;;;;;;;;;;;;;;;;;;;;;;;;;
;;;;;;;;;;;;;;;;;;;;;;;;;;;;
;;;;;;;;;;;;;;;;;;;;;;;;;;;;
;;;;;;;;;;;;;;;;;;;;;;;;;;;;
;;;;;;;;;;;;;;;;;;;;;;;;;;;;
;;;;;;;;;;;;;;;;;;;;;;;;;;;;
;;;;;;;;;;;;;;;;;;;;;;;;;;;;
;;;;;;;;;;;;;;;;;;;;;;;;;;;;
;;;;;;;;;;;;;;;;;;;;;;;;;;;;
;;;;;;;;;;;;;;;;;;;;;;;;;;;;
;;;;;;;;;;;;;;;;;;;;;;;;;;;;
;;;;;;;;;;;;;;;;;;;;;;;;;;;;
;;;;;;;;;;;;;;;;;;;;;;;;;;;;
;;;;;;;;;;;;;;;;;;;;;;;;;;;;
;;;;;;;;;;;;;;;;;;;;;;;;;;;;
;;;;;;;;;;;;;;;;;;;;;;;;;;;;
;;;;;;;;;;;;;;;;;;;;;;;;;;;;
;;;;;;;;;;;;;;;;;;;;;;;;;;;;
;;;;;;;;;;;;;;;;;;;;;;;;;;;;
;;;;;;;;;;;;;;;;;;;;;;;;;;;;
;;;;;;;;;;;;;;;;;;;;;;;;;;;;
;;;;;;;;;;;;;;;;;;;;;;;;;;;;
;;;;;;;;;;;;;;;;;;;;;;;;;;;;
;;;;;;;;;;;;;;;;;;;;;;;;;;;;
;;;;;;;;;;;;;;;;;;;;;;;;;;;;
;;;;;;;;;;;;;;;;;;;;;;;;;;;;
;;;;;;;;;;;;;;;;;;;;;;;;;;;;
;;;;;;;;;;;;;;;;;;;;;;;;;;;;
;;;;;;;;;;;;;;;;;;;;;;;;;;;;
;;;;;;;;;;;;;;;;;;;;;;;;;;;;
;;;;;;;;;;;;;;;;;;;;;;;;;;;;
;;;;;;;;;;;;;;;;;;;;;;;;;;;;
;;;;;;;;;;;;;;;;;;;;;;;;;;;;
;;;;;;;;;;;;;;;;;;;;;;;;;;;;
;;;;;;;;;;;;;;;;;;;;;;;;;;;;
;;;;;;;;;;;;;;;;;;;;;;;;;;;;
;;;;;;;;;;;;;;;;;;;;;;;;;;;;
;;;;;;;;;;;;;;;;;;;;;;;;;;;;
;;;;;;;;;;;;;;;;;;;;;;;;;;;;
;;;;;;;;;;;;;;;;;;;;;;;;;;;;
;;;;;;;;;;;;;;;;;;;;;;;;;;;;
;;;;;;;;;;;;;;;;;;;;;;;;;;;;
;;;;;;;;;;;;;;;;;;;;;;;;;;;;
;;;;;;;;;;;;;;;;;;;;;;;;;;;;
;;;;;;;;;;;;;;;;;;;;;;;;;;;;
;;;;;;;;;;;;;;;;;;;;;;;;;;;;
;;;;;;;;;;;;;;;;;;;;;;;;;;;;
;;;;;;;;;;;;;;;;;;;;;;;;;;;;
;;;;;;;;;;;;;;;;;;;;;;;;;;;;
;;;;;;;;;;;;;;;;;;;;;;;;;;;;
;;;;;;;;;;;;;;;;;;;;;;;;;;;;
;;;;;;;;;;;;;;;;;;;;;;;;;;;;
;;;;;;;;;;;;;;;;;;;;;;;;;;;;
;;;;;;;;;;;;;;;;;;;;;;;;;;;;
;;;;;;;;;;;;;;;;;;;;;;;;;;;;
;;;;;;;;;;;;;;;;;;;;;;;;;;;;
;;;;;;;;;;;;;;;;;;;;;;;;;;;;
;;;;;;;;;;;;;;;;;;;;;;;;;;;;