Averages per person per week;;;;;;;;;;;;;;;;;;;;;;;;;;;;
Decile 10;;;;;;;;;;;;;;;;;;;;;;;;;;;;
Code;Food Category;Food Group;Major Food Code;Minor Food Code;Units;2001-02;2002-03;2003-04;2004-05;2005-06;2006;2007;2008;2009;2010;2011;2012;2013;2014;2015;201516;201617;201718;201819;RSE indicator(a);% change since 201516;sig(b);trend since 201516(c)
cat520;Milk and milk products excluding cheese;;;;ml;1763;1735;1825;1827;1864;1751;1887;1798;1847;1766;1712;1818;1746;1697;1752;1772;1700;1700;1579;ü;-11;;
4006;;Liquid wholemilk, including school and welfare;;;ml;315;303;299;273;220;213;246;262;218;206;215;155;141;149;183;187;157;211;154;;-18;;
4;;;Liquid wholemilk, full price;;ml;315;303;298;273;219;213;245;262;218;206;215;155;141;149;183;187;157;211;154;;-18;;
402;;;;UHT milk;ml;1;8;12;3;14;4;3;6;4;4;3;0;0;0;0;0;0;2;5;û;;;
403;;;;Sterilised;ml;12;13;2;0;0;0;1;0;0;0;0;0;0;1;0;0;0;0;0;û;;;
404;;;;Pasteurised/ homogenised;ml;302;282;283;270;206;208;241;256;213;202;211;155;141;148;183;187;157;208;149;;-20;;
501;;;School milk(d);;ml;;;;;;;;;;;;;;;;;;;;;;;
601;;;Welfare milk(e);;ml;0;0;0;0;0;0;1;0;0;;;;;;;;;;;;;;
9017;;Other milk and cream;;;ml;1447;1431;1526;1554;1644;1538;1641;1537;1629;1560;1497;1663;1605;1548;1569;1585;1543;1490;1425;ü;-10;;
15;;;Skimmed milks;;ml;1056;1032;1083;1159;1125;1090;1176;1125;1155;1146;1054;1203;1132;1117;1151;1161;1080;1028;905;ü;-22;yes;m
1502;;;;Fully skimmed milk;ml;211;202;157;186;217;212;247;173;227;183;193;224;184;162;192;181;223;105;198;;9;;
1503;;;;Semi-skimmed milk;ml;845;831;927;973;908;878;929;952;928;964;860;978;949;956;959;979;857;923;706;ü;-28;yes;m
901;;;Condensed or evaporated milk;;eq ml;13;9;9;4;13;13;6;9;10;12;13;11;7;6;12;11;12;9;13;û;13;;
11;;;Infant milks;;eq ml;54;50;37;38;82;50;64;49;60;25;52;42;96;17;29;24;69;41;111;û;371;;
1102;;;;Infant or baby milks - ready to drink;eq ml;1;8;3;9;3;15;1;9;1;5;12;7;10;6;1;0;2;16;10;û;2587;;
1103;;;;Infant or baby milks - dried;eq ml;53;41;34;28;79;35;64;40;59;21;40;35;86;11;28;23;67;25;101;û;335;;
1201;;;Instant dried milk;;eq ml;4;9;6;3;4;3;5;5;7;4;6;8;3;8;6;9;0;16;0;û;-100;;
13;;;Yoghurt and fromage frais;;ml;191;193;235;227;266;252;249;222;245;253;244;241;228;253;228;234;228;230;197;ü;-16;;
1301;;;;Yoghurt;ml;172;174;215;206;240;228;222;202;231;231;227;225;215;233;214;223;218;222;194;ü;-13;;
1302;;;;Fromage frais;ml;20;19;21;21;26;23;27;20;14;21;17;17;13;20;14;12;10;8;3;û;-76;yes;m
16;;;Other milks and dairy desserts;;ml;92;106;125;92;116;92;99;98;114;86;90;113;98;116;102;105;109;134;158;;51;yes;k
1603;;;;Dairy desserts - not frozen;ml;37;46;46;38;43;36;37;33;44;38;36;35;36;27;31;35;29;32;19;;-47;yes;m
1605;;;;Dried milk products;ml;12;11;4;1;0;1;0;0;0;4;0;2;0;6;0;0;0;0;7;û;;;
1607;;;;Milk drinks and other milks;ml;43;49;75;29;33;26;24;33;23;18;23;33;21;23;31;30;18;26;25;û;-19;;
1608;;;;Non-dairy milk substitutes;ml;;;;24;40;29;38;32;47;26;31;42;41;61;39;40;62;76;108;;172;yes;k
17;;;Cream;;ml;37;33;30;31;38;38;42;29;38;34;39;44;40;30;41;42;45;31;41;;-1;;
22023;;Cheese;;;g;146;145;150;137;143;149;145;137;136;144;150;144;141;133;140;141;150;134;131;ü;-7;;
22;;;Natural cheese;;g;135;134;137;125;132;140;135;129;128;135;141;135;133;125;134;135;143;127;125;ü;-7;;
2201;;;;Hard cheese - cheddar type;g;65;63;72;59;60;72;64;63;62;66;73;66;69;63;66;67;69;61;55;ü;-17;;
2202;;;;Hard cheese - other uk or foreign equivalent;g;19;23;15;17;15;13;14;15;12;12;13;9;11;8;10;11;14;9;10;;-10;;
2203;;;;Hard cheese - edam or other foreign;g;20;17;15;16;17;13;13;14;16;16;13;17;14;14;15;15;15;12;15;;-5;;
2205;;;;Cottage cheese;g;10;10;8;7;9;10;8;7;6;6;7;6;5;6;8;10;7;6;6;û;-39;;
2206;;;;Soft natural cheese;g;21;22;27;27;31;32;36;30;32;36;35;36;35;35;34;32;37;39;39;;23;;
2301;;;Processed cheese;;g;11;11;13;11;10;10;10;9;8;9;9;9;8;8;6;7;7;7;6;û;-12;;
31041;;Carcase meat;;;g;237;219;215;241;262;248;235;232;218;233;213;204;192;211;201;201;198;274;166;ü;-17;;
31;;;Beef and veal;;g;121;111;123;130;142;144;122;139;123;126;116;116;116;109;117;116;116;132;99;;-15;;
3102;;;;Beef joints - on the bone;g;5;2;1;1;2;3;0;2;1;1;0;0;1;2;5;6;1;5;1;û;-80;;
3103;;;;Beef joints - boned;g;28;27;28;25;29;37;20;21;23;23;18;18;18;19;16;13;18;27;8;û;-35;;
3104;;;;Beef steak - less expensive;g;12;14;12;17;17;18;15;19;18;13;14;16;14;8;19;19;14;18;16;û;-19;;
3105;;;;Beef steak - more expensive;g;28;25;33;42;38;30;32;36;29;34;20;24;24;23;24;25;25;29;26;;3;;
3106;;;;Minced beef;g;46;44;47;44;53;55;54;60;51;54;64;52;57;57;53;53;55;54;47;;-11;;
3107;;;;All other beef and veal;g;2;0;2;1;3;1;2;0;1;1;1;6;1;0;0;0;3;0;1;û;327;;
36;;;Mutton and lamb;;g;60;61;50;52;75;57;61;47;55;58;41;45;37;51;43;43;25;93;29;û;-33;;
3601;;;;Mutton;g;0;0;1;5;3;0;0;0;0;0;0;2;0;1;0;0;0;0;0;û;;;
3602;;;;Lamb joints;g;37;35;24;27;40;28;31;24;36;30;25;26;18;30;25;22;10;84;18;û;-17;;
3603;;;;Lamb chops;g;14;15;19;11;21;21;22;15;13;15;11;9;12;11;11;13;8;5;6;û;-54;yes;m
3604;;;;All other lamb;g;8;11;6;9;10;9;8;9;6;12;4;7;7;9;7;9;8;4;5;û;-44;;
41;;;Pork;;g;57;46;42;59;45;48;51;46;39;50;56;43;39;50;41;42;57;49;38;;-8;;
4101;;;;Pork joints;g;19;12;15;24;11;16;21;16;13;17;18;12;11;15;15;15;15;26;10;û;-32;;
4102;;;;Pork chops;g;18;15;6;14;10;10;8;9;5;11;9;7;6;6;4;4;4;4;4;û;-14;;
4103;;;;Pork fillets and steaks;g;16;16;13;10;14;14;13;12;12;12;17;12;9;10;13;16;15;9;11;û;-31;;
4104;;;;All other pork;g;4;3;9;11;10;8;8;9;9;10;12;12;13;19;9;7;23;10;14;û;97;;
46095;;Non-carcase meat and meat products;;;g;742;826;853;803;826;800;776;763;778;730;742;770;778;759;691;703;769;733;781;ü;11;;
46;;;Liver;;g;3;4;4;2;4;3;2;3;2;2;2;2;3;1;1;1;1;6;0;û;-92;;
4603;;;;Ox liver;g;0;0;0;0;0;0;0;0;0;0;0;0;0;0;0;0;0;4;0;û;;;
4604;;;;Lambs liver;g;1;3;2;2;1;1;1;2;1;2;1;1;2;1;0;0;0;1;0;û;-75;;
4605;;;;Pigs liver;g;0;0;1;0;0;0;0;1;0;0;0;0;0;0;1;1;0;1;0;û;-100;;
4607;;;;All other liver;g;1;1;1;0;3;1;0;0;1;0;0;1;1;1;0;0;1;0;0;û;-100;;
51;;;All offal other than liver;;g;2;2;1;0;2;1;0;1;6;1;1;2;0;1;2;2;0;1;0;û;-100;yes;
55;;;Bacon and ham, uncooked;;g;66;70;69;69;68;65;58;64;74;69;66;69;67;62;54;52;64;48;56;;6;;
5502;;;;Bacon and ham joints, uncooked;g;27;23;20;20;22;17;13;18;26;17;25;27;23;17;15;15;25;15;19;û;24;;
5505;;;;Bacon and ham rashers, uncooked;g;39;47;49;48;47;49;45;45;48;52;41;43;44;44;38;37;40;32;37;;-2;;
58;;;Bacon and ham, cooked;;g;42;42;45;46;47;48;43;49;45;42;42;44;38;37;35;37;41;31;30;;-18;;m
59;;;Cooked poultry not purchased in cans;;g;36;46;46;48;43;47;40;55;35;39;37;35;41;31;36;40;27;31;29;;-29;;
5903;;;;Chicken and turkey, cooked;g;32;42;42;44;39;42;36;52;31;33;33;30;34;28;29;33;23;26;23;;-30;;
5904;;;;Takeaway chicken;g;4;4;4;4;4;5;4;3;4;6;4;5;6;4;7;7;3;5;6;û;-22;;
62;;;Corned beef, canned or sliced;;g;6;8;7;8;9;7;5;4;6;5;5;4;4;3;3;3;4;3;3;û;28;;
66;;;Other cooked meat;;g;7;8;8;9;11;10;10;11;11;9;11;15;10;12;9;9;8;9;9;û;0;;
71;;;Other canned meat and canned meat products;;g;13;13;17;13;10;13;11;14;10;14;11;9;9;9;9;6;11;6;6;û;-3;;
74;;;Chicken, uncooked - whole chicken or chicken pieces;;g;172;183;207;173;203;197;217;193;208;184;204;194;188;212;194;188;206;205;240;;28;;
77;;;Other poultry, uncooked (including frozen);;g;42;31;38;52;43;38;38;26;39;23;15;39;47;27;10;12;46;19;13;û;9;;
7703;;;;Turkey, uncooked - whole turkey or turkey pieces;g;35;24;33;41;28;30;26;19;31;16;11;29;38;19;7;9;37;12;11;û;21;;
7704;;;;Poultry other than chicken or turkey, uncooked;g;7;7;5;12;14;7;12;7;8;7;5;10;9;8;3;3;9;7;2;û;-27;;
78;;;Other fresh, chilled and frozen meat;;g;6;1;1;2;2;1;2;1;3;2;2;2;3;3;1;1;5;0;1;û;-44;;
79;;;Sausages, uncooked - pork;;g;50;64;60;65;62;64;63;63;65;61;59;60;63;52;53;53;51;55;57;;8;;
80;;;Sausages, uncooked - beef and other sausages;;g;6;6;4;7;4;6;4;1;4;2;3;3;4;3;3;3;6;6;4;û;19;;
83;;;Meat pies and sausage rolls, ready to eat;;g;24;38;26;23;23;15;14;16;14;16;20;16;15;14;16;17;17;18;18;û;11;;
8302;;;;Meat pies, ready to eat;g;21;33;19;16;15;9;8;8;8;10;11;8;8;8;9;10;12;12;9;û;-11;;
8303;;;;Sausage rolls, ready to eat;g;3;6;7;7;8;6;6;8;6;6;9;8;7;6;7;7;6;7;10;û;42;;
84;;;Meat pies, pasties and puddings, frozen or not frozen;;g;21;22;33;25;34;33;29;31;30;33;34;27;31;23;26;24;31;35;22;;-9;;
85;;;Burgers, frozen or not frozen;;g;15;17;17;16;12;16;15;20;15;18;16;16;11;13;12;14;16;10;26;û;89;;
89;;;Ready meals and convenience meat products;;g;156;176;182;167;164;151;148;140;136;138;143;153;170;162;157;166;158;183;185;;12;;
8901;;;;Complete meat-based ready meals, frozen or not frozen;g;100;113;127;112;111;97;96;82;80;84;87;87;97;86;82;87;80;109;111;;27;;
8902;;;;Other convenience meat products, frozen or not frozen;g;56;63;55;55;53;53;52;58;57;54;57;66;72;76;74;79;79;74;75;;-5;;
93;;;Pate and delicatessen type sausage;;g;21;17;16;20;18;16;16;21;18;20;19;19;18;19;19;22;19;15;19;;-12;;
9301;;;;Pate;g;5;7;5;5;7;4;5;6;4;5;5;6;5;4;3;4;5;2;3;û;-21;;
9302;;;;Delicatessen type sausages;g;15;10;11;15;11;12;12;15;14;15;14;13;13;15;16;18;14;13;16;;-10;;
94;;;Meat pastes and spreads;;g;0;1;0;1;0;1;1;1;0;0;1;0;0;0;0;0;0;0;0;û;919;;
95;;;Takeaway meats;;g;56;77;72;59;65;68;61;51;58;50;52;62;56;74;51;53;57;51;61;;16;;
9501;;;;Takeaway meat pies and pasties;g;2;3;2;2;2;2;2;1;1;1;1;2;0;1;1;1;1;1;0;û;-59;;
9502;;;;Takeaway burger and bun;g;3;3;3;3;4;4;3;2;5;2;4;3;2;5;1;2;3;3;5;û;213;yes;
9503;;;;Takeaway kebabs;g;4;12;8;6;7;6;3;5;7;4;5;8;8;13;7;7;4;13;8;û;19;;
9504;;;;Takeaway sausages and saveloys;g;1;3;2;1;1;1;1;1;1;1;2;1;1;2;1;0;1;0;1;û;227;;
9505;;;;Takeaway meat based meals;g;46;57;57;47;51;55;51;42;44;42;40;48;45;54;40;43;49;34;46;;9;;
9506;;;;Takeaway miscellaneous meats;g;0;0;0;0;0;0;0;0;0;0;0;0;0;0;0;0;0;0;0;û;-57;;
100123;;Fish;;;g;186;183;188;201;216;210;223;185;194;186;188;186;173;166;184;187;169;158;155;ü;-17;;
102;;;White fish, fresh, chilled or frozen;;g;36;33;33;30;27;26;30;22;27;24;24;21;20;18;19;19;22;18;16;û;-16;;
10201;;;;White fish, fresh or chilled;g;23;22;22;25;23;20;24;18;23;20;20;16;16;16;17;17;18;15;15;û;-10;;
10202;;;;White fish, frozen;g;12;11;10;5;4;6;7;4;3;3;4;5;4;2;3;2;3;3;1;û;-64;;
106;;;Herrings and other blue fish, fresh, chilled or frozen;;g;13;11;15;12;13;18;18;9;12;10;5;7;5;5;6;7;3;4;5;û;-28;;
10601;;;;Herrings and other blue fish, fresh or chilled;g;10;10;15;11;13;17;16;9;11;9;5;6;4;5;5;7;3;4;5;û;-26;;
10602;;;;Herrings and other blue fish, frozen;g;2;1;0;1;0;1;2;0;0;0;1;0;0;0;0;0;0;0;0;û;-100;;
107;;;Salmon, fresh, chilled or frozen;;g;22;19;21;23;22;29;23;20;20;20;27;22;20;21;25;23;29;18;20;;-13;;
10701;;;;Salmon, fresh or chilled;g;20;17;21;22;21;28;22;16;19;19;26;21;19;21;24;22;28;16;19;;-15;;
10702;;;;Salmon, frozen;g;2;2;0;1;1;1;1;4;1;1;1;1;1;0;1;1;1;2;1;û;11;;
10801;;;Blue fish, dried or salted or smoked;;g;11;12;12;12;13;13;16;13;12;10;12;12;12;12;17;17;13;10;14;;-16;;
11401;;;White fish, dried, salted or smoked;;g;6;4;6;4;6;4;4;5;3;3;4;2;4;2;4;5;2;1;2;û;-46;;
117;;;Shellfish;;g;16;14;18;20;25;23;29;22;22;21;19;18;17;17;18;20;18;11;14;û;-28;;
11702;;;;Shellfish, fresh or chilled;g;8;7;14;12;12;12;20;13;14;13;14;13;11;11;12;13;14;7;9;û;-34;;
11703;;;;Shellfish, frozen;g;9;7;4;8;13;11;8;9;9;9;5;5;6;6;5;6;4;4;5;û;-16;;
118;;;Takeaway fish;;g;11;9;8;9;10;8;8;6;9;7;7;7;7;8;7;5;4;8;3;û;-39;;
119;;;Salmon, tinned;;g;4;4;3;7;5;3;3;3;2;1;2;2;2;2;1;1;1;1;0;û;-80;;
120;;;Other tinned or bottled fish;;g;26;31;28;27;33;32;32;29;34;28;23;25;25;27;24;23;27;24;19;;-20;;
121;;;Ready meals and other fish products - frozen or not frozen;;g;35;43;41;54;57;49;58;53;49;59;60;65;56;49;60;62;44;54;56;;-10;;
123;;;Takeaway fish meals and fish products;;g;5;4;3;3;5;4;3;2;5;4;5;5;5;4;5;5;6;9;4;û;-3;;
12304;;;;Takeaway fish products;g;1;0;1;0;1;1;0;0;1;1;0;1;0;0;0;0;1;0;1;û;237;;
12305;;;;Takeaway fish based meals;g;4;3;2;2;4;3;2;2;4;2;4;5;5;4;5;4;5;9;3;û;-21;;
129129;;Eggs;;;no.;1;2;1;2;2;2;2;1;2;2;2;2;2;2;2;2;2;2;2;ü;4;;
135148;;Fats;;;g;155;163;149;147;148;154;151;169;148;153;151;137;150;130;154;147;123;115;117;ü;-20;;
135;;;Butter;;g;46;48;37;40;45;41;46;50;40;43;56;46;48;47;52;54;46;32;35;;-35;yes;m
138;;;Margarine;;g;7;5;5;6;12;12;11;8;13;14;11;12;15;9;8;7;18;27;23;;254;yes;k
13801;;;;Soft margarine;g;7;4;5;2;11;10;10;8;11;12;11;10;13;7;7;6;18;26;22;;256;yes;k
13802;;;;Other margarine;g;0;0;0;4;1;2;1;1;2;2;0;2;2;2;1;0;0;1;1;û;217;;
139;;;Lard, cooking fat;;g;1;1;3;2;2;2;2;2;1;2;1;1;1;1;0;0;0;1;0;û;;;
143;;;Vegetable and salad oils;;ml;46;44;43;46;44;51;52;58;54;48;44;43;50;40;64;61;35;29;41;;-34;;
14304;;;;Olive oil;ml;19;16;20;19;20;24;25;25;27;23;22;21;29;18;26;24;14;12;16;û;-31;;
14305;;;;Other vegetable and salad oils;ml;27;28;23;27;24;27;27;33;27;25;22;22;21;22;38;37;22;17;24;û;-35;;
148;;;All other fats;;g;54;65;62;53;44;48;40;51;40;46;38;35;36;34;30;26;24;27;18;;-29;;
14802;;;;Reduced fat spreads;g;39;44;48;30;30;34;27;34;25;33;22;20;17;22;15;12;14;16;9;û;-29;;
14803;;;;Low fat spreads;g;10;13;9;16;10;9;10;10;9;8;11;10;9;8;7;5;6;5;4;û;-19;;
14805;;;;Suet and dripping;g;1;1;1;1;1;1;1;1;1;1;1;1;2;1;1;1;1;1;1;û;-54;;
14807;;;;Imitatation cream;g;5;7;4;6;4;5;3;6;4;4;4;4;8;3;7;8;4;4;5;û;-32;;
150154;;Sugar and preserves;;;g;108;100;92;92;97;84;93;89;102;99;91;94;97;79;82;79;83;77;83;;5;;
150;;;Sugar;;g;74;66;57;59;63;55;61;55;64;65;58;60;66;49;52;49;54;44;53;;7;;
151;;;Jams and fruit curds;;g;15;15;13;14;11;11;13;16;18;14;14;14;13;15;14;14;13;14;16;;13;;
152;;;Marmalade;;g;12;11;12;9;9;9;8;8;9;7;8;8;6;4;5;3;4;7;4;û;35;;
153;;;Syrup, treacle;;g;3;2;3;3;5;4;3;4;4;5;4;5;4;3;5;3;6;3;2;û;-52;;
154;;;Honey;;g;5;5;6;7;9;5;8;6;6;7;6;7;8;8;8;9;6;10;8;û;-10;;
;Fresh and processed fruit and vegetables, including potatoes;;;;g;3587;3657;3637;3592;3901;3809;3832;3636;3539;3498;3530;3377;3272;3217;3260;3286;3238;3378;2928;üü;-11;yes;m
cat730;Fresh and processed vegetables, including potatoes;;;;g;1932;1945;1989;1959;2052;2063;2076;2030;1935;1960;1939;1877;1798;1860;1879;1894;1889;2035;1735;üü;-8;;
cat701;Fresh and processed potatoes;;;;g;633;653;670;637;637;678;652;657;595;605;626;566;514;573;552;547;502;576;511;ü;-7;;
155;;;Fresh potatoes;;g;462;473;484;458;470;507;488;475;428;439;457;384;339;387;379;375;326;408;343;ü;-9;;
15505;;;;Fresh new potatoes;g;0;0;0;97;101;98;92;103;90;81;79;64;68;61;66;74;70;90;63;;-14;;
15506;;;;Fresh baking potatoes;g;0;0;0;79;82;79;73;59;60;60;82;59;69;66;65;65;64;76;97;;48;;
15504;;;;Other fresh potatoes;g;0;0;0;282;286;329;322;313;278;297;295;261;201;260;248;235;193;243;183;;-22;;
cat710;Processed potatoes;;;;g;171;180;185;179;167;172;164;182;167;167;169;182;175;186;173;172;175;167;168;ü;-2;;
197;;;Chips and takeaway chips;;g;90;88;91;95;81;86;86;98;86;92;83;97;84;93;84;83;81;80;84;;2;;
19702;;;;Chips - frozen or not frozen;g;58;53;64;63;51;60;59;79;58;69;58;72;59;63;62;62;65;59;63;;2;;
19703;;;;Takeaway chips;g;31;35;27;32;30;26;26;19;28;22;25;24;25;29;22;21;16;21;21;û;1;;
198;;;Instant potato;;g;1;1;2;2;1;1;0;1;1;0;2;0;0;0;0;0;0;0;0;û;-100;;
199;;;Canned potatoes;;g;1;3;3;1;2;3;1;2;1;1;1;1;0;1;0;0;0;2;0;û;-100;;
200;;;Crisps and potato snacks;;g;45;40;48;44;45;42;45;45;43;47;49;50;51;49;52;54;51;50;55;ü;2;;
201;;;Other potato products, frozen or not frozen;;g;34;49;41;38;38;39;32;37;37;27;34;34;40;43;37;34;44;35;29;;-17;;
cat811;Fresh and processed fruit and vegetables, excluding potatoes;;;;g;2954;3004;2967;2954;3264;3131;3180;2979;2944;2893;2904;2810;2757;2644;2709;2739;2737;2803;2417;üü;-12;yes;m
cat720;Fresh and processed vegetables, excluding potatoes;;;;g;1298;1291;1319;1321;1415;1385;1424;1373;1339;1355;1313;1310;1284;1286;1327;1347;1387;1459;1224;ü;-9;;
162171;;Fresh green vegetables;;;g;274;265;264;272;292;272;292;245;231;233;224;229;213;217;232;237;236;262;192;ü;-19;yes;
162;;;Fresh cabbages;;g;41;40;36;47;42;41;44;36;31;36;29;25;29;32;36;34;35;39;27;;-21;;
163;;;Fresh brussels sprouts;;g;11;13;12;13;16;14;13;12;13;9;9;12;15;10;10;9;12;12;6;û;-30;;
164;;;Fresh cauliflower;;g;85;85;91;83;97;78;91;75;72;70;72;72;62;60;69;63;73;93;67;;6;;
167;;;Leafy salads fresh;;g;90;84;84;84;83;88;78;72;70;75;66;69;61;64;64;72;63;59;49;ü;-33;yes;m
16701;;;;Lettuce and leafy salads;g;90;47;47;50;49;55;46;45;40;44;38;39;32;37;37;44;41;34;27;;-40;yes;m
16702;;;;Prepared lettuce salads;g;0;37;37;34;34;34;32;26;30;31;28;30;29;27;26;28;22;25;22;;-20;;
168;;;Fresh peas;;g;9;9;11;8;8;13;12;8;9;7;8;7;6;6;9;10;7;5;6;û;-41;;m
169;;;Fresh beans;;g;28;26;23;28;35;29;41;30;25;25;29;30;22;27;27;29;26;32;19;;-34;;
171;;;Other fresh green vegetables;;g;10;7;8;10;10;8;14;13;12;12;12;14;18;19;18;19;21;22;17;;-9;;
172183;;Other fresh vegetables;;;g;698;661;673;706;760;748;795;741;737;765;722;694;678;719;720;729;765;756;642;ü;-12;;
172;;;Fresh carrots;;g;104;105;106;123;131;121;119;131;113;121;114;117;109;118;113;106;111;127;110;ü;3;;
173;;;Fresh turnips and swede;;g;16;19;16;18;21;16;14;11;14;10;17;13;13;8;11;10;11;9;11;û;11;;
174;;;Other fresh root vegetables;;g;41;36;31;48;53;52;60;57;49;62;47;52;58;72;62;63;67;62;57;;-9;;
175;;;Fresh onions, leeks and shallots;;g;137;132;131;128;135;133;146;137;142;142;134;123;116;126;140;139;132;129;101;ü;-28;yes;m
176;;;Fresh cucumbers;;g;46;44;49;53;52;54;55;47;55;59;55;57;51;54;62;64;60;59;47;;-27;yes;m
177;;;Fresh mushrooms;;g;77;52;48;50;51;47;55;44;47;46;44;43;38;46;40;41;54;40;42;ü;1;;
178;;;Fresh tomatoes;;g;124;125;127;117;123;130;134;117;125;132;109;108;104;97;107;112;108;122;99;ü;-12;;
183;;;Miscellaneous fresh vegtables;;g;153;148;163;169;194;195;213;197;192;192;202;181;190;198;186;193;222;207;176;ü;-9;;
18301;;;;Fresh vegetable stewpack, stirfry pack etc.;g;19;22;18;27;32;42;43;38;32;28;37;30;38;30;29;28;36;36;37;;30;;
18302;;;;Fresh stem vegetables;g;36;37;41;41;49;44;41;41;43;44;41;37;42;39;48;51;53;44;29;;-42;yes;m
18303;;;;Fresh marrow, courgettes, aubergine, pumpkin and other vegetables;g;92;82;97;93;106;102;119;110;109;111;115;104;100;119;100;104;123;118;99;;-4;;
18304;;;;Fresh herbs;g;6;7;7;9;8;7;10;8;9;9;8;10;10;10;9;11;10;8;11;;1;;
cat702;Processed vegetables excluding processed potatoes;;;;g;327;365;383;343;363;364;337;387;371;357;367;387;392;350;374;381;386;441;390;ü;2;;
184;;;Tomatoes, canned or bottled;;g;54;64;76;62;60;65;50;72;70;60;70;71;81;67;70;75;91;93;73;;-2;;
185;;;Peas, canned;;g;8;15;12;10;11;11;5;14;8;8;7;7;7;4;6;8;6;3;3;û;-67;yes;m
188;;;Beans canned;;g;92;98;93;90;90;89;85;104;107;99;94;100;96;81;108;109;89;101;94;;-14;;
18802;;;;Baked beans in sauce;g;71;79;70;73;71;66;62;80;74;72;68;71;73;59;77;76;57;65;64;;-16;;
18803;;;;Other canned beans and pulses;g;21;19;23;17;20;23;23;25;33;26;26;29;23;22;31;33;33;35;30;û;-10;;
191;;;Other canned vegetables;;g;16;19;23;20;24;28;15;19;19;16;18;18;24;16;16;18;23;18;14;;-19;;
192;;;Dried pulses other than air-dried;;g;3;5;6;4;8;10;12;10;10;11;12;6;10;5;6;7;9;11;15;û;104;;
195;;;Air-dried vegetables;;g;1;1;2;1;1;1;1;1;1;1;0;1;1;1;0;0;1;0;1;û;435;;
196;;;Vegetable juices and purees;;ml;16;14;12;12;7;8;14;15;14;11;11;20;14;9;8;7;14;8;13;û;91;;
19602;;;;Tomato puree and vegetable purees;ml;7;7;4;4;4;4;8;4;6;6;6;6;6;4;4;3;9;6;5;û;55;;
19603;;;;Vegetable juices eg tomato juice, carrot juice;ml;9;7;8;7;3;4;7;10;7;5;5;14;8;5;5;3;5;2;8;û;124;;
203;;;Peas, frozen;;g;33;30;33;29;34;27;36;34;29;30;40;34;35;31;33;30;38;44;34;;15;;
204;;;Beans, frozen;;g;6;4;6;4;3;3;4;3;3;3;2;2;2;2;3;4;1;2;1;û;-71;;
206;;;Ready meals and other vegetable products (inc takeaways);;g;76;94;92;90;105;96;98;88;93;93;89;104;97;100;103;107;86;126;116;;8;;
20601;;;;Ready meals and other vegetable products, frozen or not frozen;g;63;82;78;77;90;84;87;79;79;82;80;89;87;84;91;96;75;114;106;;11;;
20604;;;;All vegetable takeaway products;g;13;13;13;13;15;12;11;9;14;11;10;15;10;16;12;12;12;12;10;û;-16;;
208;;;Other frozen vegetables;;g;22;22;27;21;19;26;17;27;18;25;23;25;25;34;20;17;27;34;27;;59;;
cat810;Fresh and processed fruit;;;;g;1656;1713;1648;1633;1849;1746;1756;1606;1605;1538;1592;1500;1473;1358;1382;1392;1349;1343;1193;ü;-14;yes;m
210231;;Fresh fruit;;;g;1056;1070;1060;1080;1210;1096;1173;1016;1021;1004;1004;945;946;940;952;983;979;968;833;ü;-15;yes;m
210;;;Fresh oranges;;g;89;64;81;82;78;62;83;44;58;71;60;44;61;51;51;43;70;66;46;;8;;
214;;;Other fresh citrus fruits;;g;123;137;121;134;146;127;131;120;105;107;105;87;93;108;100;100;110;125;91;ü;-9;;
217;;;Fresh apples;;g;217;208;211;218;231;213;224;189;207;192;198;188;174;164;158;166;157;134;131;;-21;;m
218;;;Fresh pears;;g;46;49;55;50;56;52;47;49;43;50;48;49;43;41;33;32;29;30;26;;-20;;
221;;;Fresh stone fruit;;g;109;116;116;120;140;121;131;93;105;89;96;80;100;86;97;112;95;125;89;ü;-21;;
222;;;Fresh grapes;;g;76;74;70;72;97;80;79;75;72;69;73;66;61;63;63;65;66;65;62;;-5;;
227;;;Other fresh soft fruit;;g;48;53;47;56;78;75;87;68;85;71;75;86;78;82;92;106;116;116;89;;-16;;
228;;;Fresh bananas;;g;242;258;260;243;269;252;260;255;226;240;236;239;232;247;257;263;239;225;204;ü;-22;yes;m
229;;;Fresh melons;;g;60;63;61;57;56;51;62;56;44;49;48;39;41;41;39;38;51;40;58;û;52;;
231;;;Other fresh fruit;;g;46;47;39;48;59;65;69;66;77;64;65;65;65;56;61;58;46;42;38;;-34;;m
233248;;Processed fruit and fruit products;;;g;600;643;588;553;639;650;584;590;584;534;588;555;527;418;430;410;371;375;360;ü;-12;;
233;;;Tinned peaches, pears and pineapples;;g;13;13;10;11;10;12;9;6;8;5;6;8;7;7;6;6;7;8;6;û;-7;;
236;;;All other tinned or bottled fruit;;g;22;25;24;28;19;25;21;18;20;18;19;18;12;14;24;23;17;11;16;û;-31;;
240;;;Dried fruit;;g;25;22;22;32;35;30;25;23;25;28;28;24;22;20;22;23;17;16;20;;-13;;
241;;;Frozen strawberries, apple slices, peach halves, oranges and other frozen fruits;;g;2;2;1;1;2;3;3;10;2;4;7;5;4;2;8;10;10;10;11;û;15;;
245;;;Nuts, edible seeds and peanut butter;;g;34;31;27;43;47;41;40;48;50;48;37;47;57;64;50;53;59;46;49;;-7;;
24502;;;;Nuts and edible seeds;g;30;27;24;40;44;37;37;43;44;44;33;40;49;55;42;44;53;38;43;;-2;;
24503;;;;Peanut butter;g;4;3;4;3;3;4;3;4;5;4;4;7;7;8;8;9;6;7;6;û;-33;;
248;;;Pure fruit juices;;ml;506;551;504;438;527;541;486;486;480;431;491;453;425;311;320;295;261;285;258;;-13;;
251263;;Bread;;;g;671;684;648;592;604;613;593;606;572;551;568;533;535;485;484;487;445;449;439;üü;-10;;
cat850;White bread;;;;g;306;295;286;220;180;181;165;183;182;168;157;145;137;138;137;138;112;124;113;;-18;;
251;;;White bread, standard, unsliced;;g;62;55;59;61;46;44;40;34;35;26;29;21;23;20;21;23;25;13;14;û;-38;;m
252;;;White bread, standard, sliced;;g;216;221;208;149;125;133;120;146;143;138;128;122;110;114;110;111;84;102;91;;-18;;
257;;;White bread, premium, sliced and unsliced;;g;24;14;15;8;7;2;2;1;2;1;0;1;1;1;0;0;1;0;0;û;-35;;
258;;;White bread, soft grain, sliced and unsliced;;g;4;4;3;2;1;2;3;2;2;3;0;1;4;4;6;3;2;8;7;û;142;;
cat851;Brown and wholemeal bread;;;;g;153;179;155;179;203;207;198;196;168;171;193;157;162;141;141;139;122;127;126;ü;-10;;
259;;;Brown bread, sliced and unsliced;;g;34;50;32;42;36;39;38;43;35;47;46;38;30;28;30;28;27;32;26;;-7;;
260;;;Wholemeal and granary bread, sliced and unsliced;;g;119;129;123;138;167;169;161;153;132;124;147;119;132;112;111;111;95;95;100;;-10;;
263;;;Total other bread;;g;212;210;207;193;221;224;230;227;222;212;218;232;236;206;206;209;211;198;200;ü;-4;;
26302;;;;Rolls - white, brown or wholemeal;g;60;60;58;51;61;58;60;67;59;59;58;53;53;49;54;59;50;43;42;;-28;yes;m
26303;;;;Malt bread and fruit loaves;g;11;8;8;7;12;11;10;9;8;7;6;6;10;8;7;7;11;5;8;û;18;;
26304;;;;Vienna and french bread;g;50;46;40;35;36;42;38;39;38;36;39;37;38;34;29;33;24;31;26;;-20;;
26305;;;;Starch reduced bread and rolls;g;3;8;8;4;4;4;3;6;5;4;6;3;2;1;2;2;4;3;2;û;25;;
26308;;;;Other breads;g;70;68;78;75;90;90;103;86;96;88;94;110;107;95;97;91;99;96;100;;10;;
26309;;;;Sandwiches;g;11;14;10;14;13;12;12;15;10;13;12;16;20;13;13;14;17;15;16;û;16;;
26310;;;;Sandwiches from takeaway;g;3;3;2;3;3;3;1;2;2;3;2;4;4;3;3;2;3;1;3;û;53;;
26311;;;;Takeaway breads;g;3;3;3;2;3;3;3;3;3;3;2;4;3;3;2;2;3;2;2;û;-13;;
264264;;Flour;;;g;49;71;43;56;52;40;53;46;44;54;56;56;51;52;51;54;41;88;37;û;-31;;
267270;;Cakes, buns and pastries;;;g;138;149;148;148;167;154;137;131;144;135;136;142;145;129;131;131;139;146;139;ü;6;;
267;;;Buns, scones and teacakes;;g;31;41;46;45;45;45;39;40;52;40;48;41;41;45;45;44;49;55;47;;7;;
270;;;Cakes and pastries;;g;107;108;102;103;122;108;98;91;91;94;89;101;104;84;86;87;89;91;92;;6;;
27001;;;;Cakes and pastries, not frozen;g;106;107;100;102;121;106;98;91;91;93;88;99;103;82;85;86;88;91;91;;7;;
27002;;;;Takeaway pastries;g;1;1;2;1;1;2;0;0;0;1;1;2;1;1;2;1;1;0;0;û;-65;;
271277;;Biscuits and crispbreads;;;g;122;142;137;134;125;126;135;136;140;133;144;151;153;133;137;141;127;134;129;ü;-8;;
271;;;Crispbread;;g;8;9;8;10;8;9;8;9;8;10;10;8;10;6;10;8;9;7;7;;-14;;
274;;;Biscuits other than chocolate;;g;68;84;79;83;74;77;91;87;88;76;88;99;96;81;87;90;75;80;74;ü;-17;;
27402;;;;Sweet biscuits (not chocolate) and cereal bars;g;54;70;65;70;60;64;78;75;76;67;77;84;82;69;76;78;62;65;58;;-26;yes;m
27403;;;;Cream crackers and other unsweetened biscuits;g;14;14;14;13;14;13;14;12;12;9;11;14;13;12;10;11;13;16;16;;43;;
277;;;Chocolate biscuits;;g;46;49;50;42;43;41;36;40;44;47;46;44;47;46;41;42;43;47;48;;12;;
281301;;Other cereals and cereal products;;;g;554;579;554;551;586;575;579;534;615;621;626;587;566;582;593;619;570;599;568;üü;-8;;
281;;;Oatmeal and oat products;;g;14;14;9;15;30;23;23;22;29;35;25;28;28;31;26;23;33;26;22;û;-4;;
282;;;Breakfast cereals;;g;138;143;147;142;157;137;143;154;163;161;163;149;133;140;142;151;124;131;130;ü;-14;;
28202;;;;Muesli;g;25;27;29;28;40;25;33;33;30;30;40;35;30;36;38;44;33;32;39;;-11;;
28203;;;;High fibre breakfast cereals;g;59;66;62;63;62;63;62;66;70;76;65;59;51;49;62;65;48;53;44;;-33;yes;
28204;;;;Sweetened breakfast cereals;g;31;27;32;28;26;20;21;34;37;31;30;27;27;28;23;23;28;23;29;;25;;
28205;;;;Other breakfast cereals;g;22;23;24;23;29;29;27;20;25;25;29;29;25;26;19;19;15;22;19;û;0;;
285;;;Canned milk puddings;;g;19;20;21;25;20;24;21;19;19;12;22;19;21;21;18;17;29;28;12;û;-27;;
28502;;;;Canned or fresh carton custard;g;10;11;14;17;14;17;17;14;12;10;18;16;16;10;13;13;23;20;10;û;-22;;
28503;;;;All canned milk puddings;g;9;9;7;8;5;8;4;4;7;2;3;3;5;11;5;4;6;8;3;û;-42;;
286;;;Puddings;;g;12;13;12;14;12;13;17;9;15;12;11;12;11;9;9;9;13;12;7;û;-28;;
287;;;Rice;;g;79;98;87;97;94;96;128;78;106;116;111;97;84;101;103;108;97;103;76;;-29;;
28702;;;;Dried rice;g;43;61;55;61;62;60;90;44;60;72;76;57;45;54;60;66;55;43;31;û;-54;yes;m
28703;;;;Cooked rice;g;7;6;6;9;10;9;12;14;21;21;16;12;15;19;21;19;22;46;24;;27;;k
28704;;;;Takeaway rice;g;29;31;26;28;23;27;27;20;25;22;19;28;25;27;22;23;21;14;22;û;-5;;
290;;;Invalid foods, slimming foods and sports foods;;g;4;9;6;5;2;4;5;4;3;8;9;2;4;9;11;13;8;9;14;û;10;;
291;;;Infant cereal foods;;g;1;1;1;0;1;1;0;1;1;1;1;1;0;1;1;1;0;1;2;û;320;;
294;;;Cakes and pastries - frozen;;g;13;10;11;9;7;8;5;4;7;7;4;8;8;5;5;4;2;7;6;û;38;;
295;;;Pasta;;g;108;100;96;94;102;91;91;88;103;95;97;92;106;86;90;97;85;90;99;ü;2;;
29501;;;;Canned pasta;g;14;16;15;16;12;14;11;9;13;6;17;14;14;8;5;6;7;4;10;û;67;;
29502;;;;Dried and fresh pasta;g;92;82;80;76;88;75;79;78;88;88;79;77;91;78;84;90;76;86;87;ü;-4;;
29503;;;;Takeaway pasta and noodles;g;1;2;1;1;2;2;1;1;2;2;1;1;1;0;1;1;2;1;2;û;156;;
296;;;Pizza;;g;86;78;83;77;76;87;66;71;78;80;80;81;81;81;77;76;69;77;85;;12;;
29601;;;;Pizzas, frozen and not frozen;g;59;52;49;50;56;58;46;52;56;59;61;53;58;52;53;54;40;57;48;;-10;;
29602;;;;Takeaway pizza;g;27;27;34;27;20;29;20;19;22;22;19;28;23;29;24;22;29;20;37;û;66;;
299;;;Other cereal convenience foods;;g;75;83;74;68;79;83;72;80;85;81;92;85;83;91;99;106;100;101;103;ü;-4;;
29907;;;;Cake, pudding and dessert mixes;g;7;7;5;7;5;4;4;4;4;3;4;5;6;4;4;5;2;4;3;û;-42;;
29909;;;;Cereal snacks;g;25;29;19;18;19;19;16;17;23;20;26;20;25;21;25;28;22;22;22;;-21;;
29915;;;;Quiches and flans, frozen and not frozen;g;12;14;18;15;17;13;14;15;13;13;15;13;13;15;11;12;9;16;10;û;-18;;
29916;;;;Takeaway crisps, savoury snacks, popcorn, popadums, prawn crackers;g;1;2;1;1;2;2;2;1;1;1;1;2;2;2;1;1;1;2;2;û;42;;
29919;;;;Other cereal foods, frozen and not frozen;g;30;31;31;27;37;46;37;43;44;43;47;45;38;49;57;60;65;58;66;;10;;
301;;;Other cereals;;g;5;8;7;6;6;8;8;5;7;13;11;11;7;8;12;13;9;13;10;û;-23;;
304313;;Beverages;;;g;54;48;59;56;51;47;56;54;55;57;53;59;55;49;56;58;67;57;50;;-13;;
304;;;Tea;;g;28;25;29;28;26;23;27;29;26;27;24;25;21;18;21;23;26;23;19;;-20;;
307;;;Coffee beans and ground coffee;;g;8;7;9;7;7;8;9;7;10;8;10;15;13;15;16;17;20;20;15;;-12;;
308;;;Instant coffee;;g;13;10;14;15;12;11;12;12;15;14;11;10;13;9;12;13;9;10;9;;-30;;
309;;;Coffee essences;;ml;0;0;0;0;0;0;0;0;0;0;0;0;0;0;0;0;7;0;0;û;;;
310;;;Tea and coffee from takeaway;;ml;0;0;1;0;1;0;2;1;1;1;1;1;1;1;1;1;0;0;2;û;154;;
312;;;Cocoa and chocolate drinks;;g;3;4;4;2;4;3;3;3;3;5;5;7;7;4;5;4;5;2;5;û;16;;
313;;;Malt drinks and chocolate versions of malted drinks;;g;2;2;2;3;2;1;2;1;1;1;1;1;1;1;1;0;0;2;1;û;482;;k
314339;;Other food and drink;;;g;858;929;974;912;942;954;933;901;911;780;818;911;951;949;1080;1147;938;864;1000;ü;-13;;
314;;;Mineral or spring waters;;ml;395;455;461;429;439;423;474;440;387;297;341;443;434;487;617;655;441;379;552;;-16;;
315;;;Baby foods;;g;5;8;14;4;9;11;7;6;10;5;10;3;5;4;8;10;7;6;15;û;52;;
318;;;Soups - canned or cartons;;g;77;93;96;89;117;99;93;97;99;83;85;100;104;88;93;90;83;103;63;;-30;;
319;;;Soups - dehydrated or powdered;;g;3;4;3;3;4;4;2;3;3;3;3;4;6;3;2;2;3;3;1;û;-45;;
320;;;Soups - from takeaway;;g;1;1;1;1;1;1;0;1;2;1;1;1;1;1;0;0;1;3;0;û;-28;;
321;;;Other takeaway food brought home;;g;0;0;0;0;1;0;0;0;0;0;0;0;0;0;0;0;0;0;0;û;172;;
322;;;Meals on wheels - items not specified;;g;0;1;3;0;0;0;0;0;0;0;0;0;0;0;0;0;0;0;0;û;;;
323;;;Spreads and dressings;;g;39;36;43;47;48;46;45;42;55;55;45;47;53;44;45;48;49;48;42;;-12;;
32302;;;;Salad dressings;g;36;34;40;39;41;42;42;38;48;46;38;38;39;33;37;40;40;36;29;;-27;yes;m
32303;;;;Other spreads and dresssings;g;3;2;4;8;7;4;4;5;7;9;7;9;14;10;8;8;10;12;13;û;65;;
327;;;Pickles and sauces;;g;137;142;147;137;147;151;143;148;162;146;134;134;137;124;127;128;142;112;106;ü;-17;;m
32702;;;;Pickles;g;17;17;15;11;14;16;13;11;11;7;11;9;14;10;9;10;13;11;12;û;21;;
32703;;;;Sauces;g;119;125;132;126;132;135;130;137;151;138;122;124;123;114;117;118;129;101;93;ü;-21;;m
32704;;;;Takeaway sauces and mayonnnaise;g;0;0;0;0;0;0;0;0;0;0;0;1;0;0;0;0;0;0;1;û;27;;
328;;;Stock cubes and meat and yeast extracts;;g;4;6;5;5;5;7;6;6;8;7;8;9;8;7;9;7;10;5;9;û;19;;
329;;;Jelly squares or crystals;;g;3;3;2;4;4;3;4;5;4;4;3;4;4;4;4;5;3;7;3;û;-42;;
332;;;Ice cream tub or block;;ml;107;106;107;116;86;114;84;93;83;87;103;73;112;84;83;88;72;69;84;;-4;;
333;;;Ice cream products including takeaways;;ml;67;58;74;57;69;85;57;44;76;75;71;75;70;85;72;90;108;116;112;û;25;;
33302;;;;Ice cream cornets, choc-ices, lollies with ice cream;ml;32;36;45;31;45;40;24;26;40;34;31;35;28;38;35;42;45;50;43;;4;;
33303;;;;Ice lollies, sorbet, frozen mousse, frozen yoghurt;ml;34;22;27;24;22;43;32;17;34;40;40;39;41;46;36;47;62;65;68;û;44;;
33304;;;;Takeaway ice cream, ice cream products, milkshakes;ml;1;1;2;2;1;1;1;1;2;1;0;1;1;1;1;1;1;2;1;û;-42;;
334;;;Salt;;g;10;11;7;9;7;3;9;9;8;6;7;4;6;5;6;7;7;3;4;û;-42;;
339;;;Soya and novel protein foods;;g;9;4;11;12;7;7;9;6;14;12;8;13;10;11;13;16;10;10;8;û;-51;;
340344;;Soft drinks;;;ml;1465;1538;1841;1521;1330;1654;1206;1468;1435;1396;1549;1402;1591;1365;1433;1505;1319;1120;1295;;-14;;
340;;;Soft drinks, concentrated, not low calorie;;ml;507;496;601;570;489;518;379;449;458;382;266;326;325;197;253;284;258;203;152;û;-46;yes;m
341;;;Soft drinks, not concentrated, not low calorie;;ml;483;534;629;553;447;541;421;440;464;457;426;380;430;359;320;346;269;226;320;;-8;;
343;;;Soft drinks, concentrated, low calorie;;ml;107;90;203;95;81;173;94;199;188;159;357;303;330;439;332;352;353;323;304;;-14;;
344;;;Soft drinks, not concentrated, low calorie;;ml;367;417;407;304;313;422;312;381;325;398;499;393;506;370;528;524;439;368;519;;-1;;
350355;;Confectionery;;;g;116;113;121;123;121;125;108;107;128;119;123;126;116;110;124;123;118;116;128;ü;4;;
350;;;Chocolate bars - solid;;g;30;23;26;27;31;32;27;31;33;31;32;37;36;34;33;34;37;38;42;;23;;
351;;;Chocolate bars - filled;;g;55;56;62;64;60;63;51;46;61;57;56;53;49;40;51;50;47;48;52;;3;;
352;;;Chewing gum;;g;3;2;4;3;2;2;3;3;3;2;3;2;2;2;2;2;2;2;3;û;56;;
353;;;Mints and boiled sweets;;g;26;28;26;26;24;26;24;24;30;29;30;32;27;32;34;34;28;27;29;;-16;;
35301;;;;Mints;g;3;3;4;4;3;3;3;2;3;3;3;1;2;2;1;1;1;2;0;û;-65;;
35302;;;;Boiled sweets;g;23;25;22;22;22;23;21;22;27;26;27;31;26;31;33;33;26;25;28;;-15;;
354;;;Fudges, toffees, caramels;;g;2;5;3;4;3;2;2;3;2;1;2;2;1;2;2;2;3;2;2;û;3;;
355;;;Takeaway confectionery;;g;0;0;0;0;0;0;0;0;0;0;0;0;0;0;0;0;0;0;0;û;-58;;
380389;;Alcoholic drinks;;;ml;1110;1117;1096;1045;1041;1076;1132;953;1023;1093;1021;984;952;882;981;1052;844;899;778;;-26;yes;m
381;;;Beers;;ml;134;139;138;114;140;128;148;113;127;135;113;115;85;100;129;139;161;125;95;û;-32;;
382;;;Lagers and continental beers;;ml;331;357;352;291;266;319;283;242;279;324;308;236;289;256;284;300;183;229;192;û;-36;;
383;;;Ciders and perry;;ml;52;25;41;27;38;50;50;63;86;71;54;76;85;73;60;77;40;62;62;û;-19;;
384;;;Wine and champagne;;ml;497;504;487;545;535;514;577;479;477;496;492;478;426;386;440;466;398;423;366;;-22;;
38402;;;;Champagne, sparkling wines and wine with mixer;ml;22;12;21;28;21;29;47;15;24;39;27;42;27;45;49;54;34;56;35;û;-34;;
38403;;;;Table wine;ml;475;491;466;517;514;485;530;464;452;457;465;436;399;341;391;412;364;367;330;;-20;;
385;;;Spirits with mixer;;ml;1;0;1;1;1;1;2;1;0;3;4;1;2;2;5;5;1;4;4;û;-10;;
386;;;Fortified wines;;ml;21;29;11;12;22;11;18;10;11;9;11;17;13;9;9;12;6;14;8;û;-30;;
387;;;Spirits;;ml;49;43;45;33;29;34;44;26;32;38;26;44;41;45;39;38;42;32;43;û;15;;
388;;;Liqueurs and cocktails;;ml;5;7;5;6;6;9;6;9;5;8;5;7;7;9;12;13;9;8;6;û;-52;;
389;;;Alcopops;;ml;20;11;16;16;5;10;4;9;6;8;8;11;5;3;2;3;5;3;2;û;-28;;